tissue,supertype_name,supertype_label,program_id,n_wildr_samples,mean_h,sd_h,same_sign,top_term,top_category,top_pvalue,n_terms_p05
AMY,0338 MEA-BST Sox6 Gaba_2,CS20230722_SUPT_0338,P10,6,-0.5466744187820425,0.16436670825744124,TRUE,CARBOHYD:N-linked (GlcNAc...) asparagine,UP_SEQ_FEATURE,5.6278671488471e-4,15
HYP,0556 ARH-PVp Tbx3 Glut_3,CS20230722_SUPT_0556,P1,6,0.4756647086166879,0.20039347727543216,TRUE,cell division,GOTERM_BP_DIRECT,0.08847769675552138,0
AMY,0355 MEA-BST Lhx6 Nr2e1 Gaba_2,CS20230722_SUPT_0355,P5,6,-0.47405823462522173,0.19372604456099884,TRUE,COMPBIAS:Low complexity,UP_SEQ_FEATURE,0.00625340440982825,4
HYP,0473 DMH-LHA Gsx1 Gaba_4,CS20230722_SUPT_0473,P14,6,0.4611809228755136,0.2924116576740121,TRUE,glutamatergic synapse,GOTERM_CC_DIRECT,6.256983335037207e-6,47
HYP,1181 COP NN_1,CS20230722_SUPT_1181,P1,6,0.4493157453395998,0.164560525435921,TRUE,cellular_component,GOTERM_CC_DIRECT,0.08429890149580638,0
HYP,0591 PH-ant-LHA Otp Bsx Glut_1,CS20230722_SUPT_0591,P18,6,0.4473979169811284,0.2618164854124015,TRUE,COMPBIAS:Acidic residues,UP_SEQ_FEATURE,0.06286249637739794,0
HYP,0481 TMd-DMH Foxd2 Gaba_1,CS20230722_SUPT_0481,P15,6,0.443013375349751,0.18610394904084038,TRUE,cilium movement,GOTERM_BP_DIRECT,2.9554267690427e-4,12
HYP,0594 PH-ant-LHA Otp Bsx Glut_4,CS20230722_SUPT_0594,P6,6,0.42696258274562054,0.3388093289515118,TRUE,mmu00565:Ether lipid metabolism,KEGG_PATHWAY,0.00143059781504247,6
HYP,0556 ARH-PVp Tbx3 Glut_3,CS20230722_SUPT_0556,P9,6,0.40932800313665707,0.2431602987011076,TRUE,negative regulation of DNA-templated transcription,GOTERM_BP_DIRECT,0.01586700618663823,2
AMY,0194 RHP-COA Ndnf Gaba_2,CS20230722_SUPT_0194,P13,6,0.40028131488799334,0.2709889731335764,TRUE,TOPO_DOM:Extracellular,UP_SEQ_FEATURE,4.5721129112905e-4,16
AMY,0359 MEA-BST Lhx6 Nfib Gaba_3,CS20230722_SUPT_0359,P6,6,-0.40022819199606674,0.2260242147846581,TRUE,signal transduction,GOTERM_BP_DIRECT,0.02741651982195965,3
HYP,0597 PH-ant-LHA Otp Bsx Glut_7,CS20230722_SUPT_0597,P1,6,0.3982354023721127,0.285853556370322,TRUE,CARBOHYD:N-linked (GlcNAc...) asparagine,UP_SEQ_FEATURE,3.075357064607e-4,9
AMY,0355 MEA-BST Lhx6 Nr2e1 Gaba_2,CS20230722_SUPT_0355,P7,6,0.38607429398933507,0.18718196370713777,TRUE,REGION:Disordered,UP_SEQ_FEATURE,0.03351678112590102,1
HYP,0581 AHN-RCH-LHA Otp Fezf1 Glut_3,CS20230722_SUPT_0581,P9,6,-0.38584447985077197,0.18247584690644233,TRUE,COMPBIAS:Acidic residues,UP_SEQ_FEATURE,0.02265864409259813,2
AMY,0174 Vip Gaba_2,CS20230722_SUPT_0174,P7,6,0.382313091223879,0.20664052201213742,TRUE,IPR050752:C2H2-ZF_domain,INTERPRO,0.00159262437818369,13
AMY,0001 CLA-EPd-CTX Car3 Glut_1,CS20230722_SUPT_0001,P0,6,-0.38084251493270915,0.0920274224672251,TRUE,COMPBIAS:Basic and acidic residues,UP_SEQ_FEATURE,8.8431918103546e-4,11
AMY,0173 Vip Gaba_1,CS20230722_SUPT_0173,P0,6,-0.3787025189273488,0.12369421144538822,TRUE,LIPID:S-palmitoyl cysteine,UP_SEQ_FEATURE,0.03460573904582133,1
AMY,1184 MOL NN_4,CS20230722_SUPT_1184,P15,6,-0.3755821755844074,0.16620028889095212,TRUE,Cytoplasm,UP_KW_CELLULAR_COMPONENT,0.15582506098238685,0
AMY,0368 CEA-BST Six3 Cyp26b1 Gaba_2,CS20230722_SUPT_0368,P5,6,-0.37405588271733375,0.2672417716909337,TRUE,DOMAIN:EF-hand,UP_SEQ_FEATURE,4.1076017290348e-4,22
AMY,0174 Vip Gaba_2,CS20230722_SUPT_0174,P18,6,0.3718164067955736,0.21018718423375002,TRUE,basolateral plasma membrane,GOTERM_CC_DIRECT,0.02241492250023772,2
HYP,0564 VMH Fezf1 Glut_2,CS20230722_SUPT_0564,P16,6,0.3682739997514835,0.28949946095004436,TRUE,NA,NA,NA,0
HYP,0588 PVH-SO-PVa Otp Glut_4,CS20230722_SUPT_0588,P19,6,0.36782704040183034,0.16480545899663782,TRUE,transcription corepressor activity,GOTERM_MF_DIRECT,0.00430263789305053,7
HYP,0568 VMH Nr5a1 Glut_3,CS20230722_SUPT_0568,P14,6,0.3464135278051223,0.16662481751723898,TRUE,TOPO_DOM:Extracellular,UP_SEQ_FEATURE,0.00100800910784371,13
HYP,0495 ARH-PVp Tbx3 Gaba_3,CS20230722_SUPT_0495,P0,6,0.34469293324344075,0.16938515189503014,TRUE,small GTPase-mediated signal transduction,GOTERM_BP_DIRECT,9.2470980206925e-4,8
HYP,0569 VMH Nr5a1 Glut_4,CS20230722_SUPT_0569,P12,6,0.3384500817414576,0.26112882315771474,TRUE,cell surface,GOTERM_CC_DIRECT,0.0105958858893666,1
AMY,0287 STR-PAL Chst9 Gaba_3,CS20230722_SUPT_0287,P12,6,-0.3356716741069403,0.21391623511140867,TRUE,membrane,GOTERM_CC_DIRECT,0.03268493903220192,3
HYP,0473 DMH-LHA Gsx1 Gaba_4,CS20230722_SUPT_0473,P4,6,0.33198065249447367,0.20152717950529883,TRUE,calcium ion binding,GOTERM_MF_DIRECT,0.00131013026020191,28
AMY,0338 MEA-BST Sox6 Gaba_2,CS20230722_SUPT_0338,P15,6,0.33096595201339774,0.20900450218944,TRUE,ATP binding,GOTERM_MF_DIRECT,0.02016888057791855,7
HYP,0353 MEA-BST Lhx6 Sp9 Gaba_7,CS20230722_SUPT_0353,P2,6,0.33059188209310064,0.17672823812038052,TRUE,COMPBIAS:Basic and acidic residues,UP_SEQ_FEATURE,5.826018071214195e-5,44
HYP,1160 Astro-NT NN_2,CS20230722_SUPT_1160,P18,6,-0.32893541000269927,0.2440385999715772,TRUE,Calcium,UP_KW_LIGAND,0.00364883131612777,4
HYP,0565 VMH Fezf1 Glut_3,CS20230722_SUPT_0565,P3,6,0.3287590535282122,0.15982158442338854,TRUE,IPR013098:Ig_I-set,INTERPRO,2.2465858522458764e-6,63
HYP,0556 ARH-PVp Tbx3 Glut_3,CS20230722_SUPT_0556,P3,6,0.32662690604628236,0.3280246629454504,TRUE,ATP binding,GOTERM_MF_DIRECT,1.2669535269133e-4,28
HYP,0555 ARH-PVp Tbx3 Glut_2,CS20230722_SUPT_0555,P0,6,0.32553196729022527,0.19300916284078237,TRUE,TRANSMEM:Helical; Signal-anchor for type II membrane protein,UP_SEQ_FEATURE,0.00349837401490413,7
AMY,0340 MEA-BST Sox6 Gaba_4,CS20230722_SUPT_0340,P12,6,0.32501475403156566,0.13547852001032476,TRUE,COMPBIAS:Basic and acidic residues,UP_SEQ_FEATURE,0.00323820192699258,11
HYP,0451 AHN-SBPV-PVHd Pdrm12 Gaba_6,CS20230722_SUPT_0451,P12,6,-0.3248418006171132,0.21303714465711523,TRUE,regulation of synapse organization,GOTERM_BP_DIRECT,1.4345050718268364e-6,8
HYP,0487 DMH Hmx2 Gaba_1,CS20230722_SUPT_0487,P10,6,0.3212702774450022,0.12922464289159227,TRUE,extracellular matrix,GOTERM_CC_DIRECT,0.01917756416183617,1
AMY,0174 Vip Gaba_2,CS20230722_SUPT_0174,P3,6,-0.316996419825845,0.16593085333106197,TRUE,metal ion binding,GOTERM_MF_DIRECT,0.02183561605720253,1
HYP,0570 VMH Nr5a1 Glut_5,CS20230722_SUPT_0570,P7,6,0.31647304729229825,0.262838832574986,TRUE,Transmembrane helix,UP_KW_DOMAIN,0.01569485770500801,8
HYP,0568 VMH Nr5a1 Glut_3,CS20230722_SUPT_0568,P1,6,0.31068573109976,0.18566687988715222,TRUE,Glycoprotein,UP_KW_PTM,0.00487050779219542,17
HYP,0447 AHN-SBPV-PVHd Pdrm12 Gaba_2,CS20230722_SUPT_0447,P2,6,-0.31035391498033166,0.3355045024968485,TRUE,regulation of synapse organization,GOTERM_BP_DIRECT,3.352100208557e-4,11
HYP,0471 DMH-LHA Gsx1 Gaba_2,CS20230722_SUPT_0471,P18,6,0.3063244012629864,0.18010613558874275,TRUE,modulation of chemical synaptic transmission,GOTERM_BP_DIRECT,2.072035564837963e-5,15
AMY,0173 Vip Gaba_1,CS20230722_SUPT_0173,P15,6,-0.3055140564516088,0.22691529678054803,TRUE,Transmembrane helix,UP_KW_DOMAIN,0.05050597831916102,0
AMY,0004 IT EP-CLA Glut_2,CS20230722_SUPT_0004,P3,6,0.30321585572089793,0.17203852293459293,TRUE,neuronal cell body,GOTERM_CC_DIRECT,7.9683112005454e-4,3
HYP,0457 AHN Onecut3 Gaba_2,CS20230722_SUPT_0457,P9,6,0.30207538591322836,0.20020273253934495,TRUE,CARBOHYD:N-linked (GlcNAc...) asparagine,UP_SEQ_FEATURE,4.5422752371137e-4,19
HYP,0481 TMd-DMH Foxd2 Gaba_1,CS20230722_SUPT_0481,P16,6,0.29921554953965906,0.25591493748187527,TRUE,Transmembrane helix,UP_KW_DOMAIN,0.38156369959422864,0
HYP,0495 ARH-PVp Tbx3 Gaba_3,CS20230722_SUPT_0495,P5,6,0.29920513638755597,0.1995429806362168,TRUE,intracellular signal transduction,GOTERM_BP_DIRECT,0.01618366594502797,9
HYP,0545 DMH Nkx2-4 Glut_2,CS20230722_SUPT_0545,P12,6,-0.29733746423116436,0.17917364782163778,TRUE,TRANSIT:Mitochondrion,UP_SEQ_FEATURE,0.04397837680787801,1
AMY,0004 IT EP-CLA Glut_2,CS20230722_SUPT_0004,P8,6,0.2967758342861155,0.2086978620390421,TRUE,DOMAIN:Ig-like C2-type 3,UP_SEQ_FEATURE,2.2900561635153e-4,37
AMY,0285 STR-PAL Chst9 Gaba_1,CS20230722_SUPT_0285,P5,6,-0.2928072359961588,0.18715587038752796,TRUE,cellular response to hypoxia,GOTERM_BP_DIRECT,0.00453530635862555,7
HYP,0544 DMH Nkx2-4 Glut_1,CS20230722_SUPT_0544,P8,6,-0.29202973118102177,0.19066936554060565,TRUE,nucleoplasm,GOTERM_CC_DIRECT,0.3563790951705268,0
HYP,0423 BST-MPN Six3 Nrgn Gaba_4,CS20230722_SUPT_0423,P6,6,0.29134474524083664,0.14606287050090175,TRUE,cellular_component,GOTERM_CC_DIRECT,0.06691941411464489,0
AMY,0511 COAa-PAA-MEA Barhl2 Glut_3,CS20230722_SUPT_0511,P19,6,-0.28884961001443665,0.09551591959419851,TRUE,Mitochondrion,UP_KW_CELLULAR_COMPONENT,0.01377874442019801,1
HYP,0575 LHA-AHN-PVH Otp Trh Glut_2,CS20230722_SUPT_0575,P3,6,0.2877772145529416,0.1127917333347585,TRUE,Secreted,UP_KW_CELLULAR_COMPONENT,0.0435862466614314,1
HYP,0530 SI-MA-LPO-LHA Skor1 Glut_1,CS20230722_SUPT_0530,P12,6,-0.28656402520004903,0.18988378249030657,TRUE,CARBOHYD:N-linked (GlcNAc...) asparagine,UP_SEQ_FEATURE,1.477597117314514e-6,15
HYP,0444 PVHd-SBPV Six3 Prox1 Gaba_3,CS20230722_SUPT_0444,P14,6,-0.2862546505981311,0.18989662017038075,TRUE,nucleus,GOTERM_CC_DIRECT,0.01207425739215378,3
HYP,0437 SCH Six6 Cdc14a Gaba_2,CS20230722_SUPT_0437,P0,6,0.28620288802517546,0.15102237310991645,TRUE,COMPBIAS:Polar residues,UP_SEQ_FEATURE,0.0043732274933803,2
HYP,0565 VMH Fezf1 Glut_3,CS20230722_SUPT_0565,P12,6,-0.2851961665163312,0.10011816489853917,TRUE,cellular_component,GOTERM_CC_DIRECT,0.24664348379781517,0
HYP,0422 BST-MPN Six3 Nrgn Gaba_3,CS20230722_SUPT_0422,P15,6,0.282259758292135,0.1827696738765111,TRUE,manchette,GOTERM_CC_DIRECT,0.00145705059104786,7
HYP,0447 AHN-SBPV-PVHd Pdrm12 Gaba_2,CS20230722_SUPT_0447,P1,6,0.2812838108229715,0.18685927196367413,TRUE,Cell membrane,UP_KW_CELLULAR_COMPONENT,0.01485011433144171,5
HYP,0546 MPN-MPO-PVpo Hmx2 Glut_1,CS20230722_SUPT_0546,P19,6,0.27998863715951655,0.17462996625312296,TRUE,Glycoprotein,UP_KW_PTM,0.01739904879718958,2
HYP,0449 AHN-SBPV-PVHd Pdrm12 Gaba_4,CS20230722_SUPT_0449,P19,6,0.2794830716587773,0.1277160800492627,TRUE,CROSSLNK:Glycyl lysine isopeptide (Lys-Gly) (interchain with G-Cter in SUMO2),UP_SEQ_FEATURE,0.24170060537222263,0
HYP,0452 AHN-SBPV-PVHd Pdrm12 Gaba_7,CS20230722_SUPT_0452,P2,6,0.2766125997405155,0.12727000416542994,TRUE,Ion transport,UP_KW_BIOLOGICAL_PROCESS,0.0616883325395135,0
HYP,0448 AHN-SBPV-PVHd Pdrm12 Gaba_3,CS20230722_SUPT_0448,P9,6,0.2760598540368842,0.2145019394176325,TRUE,Transmembrane helix,UP_KW_DOMAIN,0.00385596688261114,9
HYP,0470 DMH-LHA Gsx1 Gaba_1,CS20230722_SUPT_0470,P13,6,-0.27470692334615665,0.17562376303087004,TRUE,TRANSMEM:Helical,UP_SEQ_FEATURE,0.22154288204883996,0
HYP,0447 AHN-SBPV-PVHd Pdrm12 Gaba_2,CS20230722_SUPT_0447,P14,6,0.2741284523128077,0.16308490887860322,TRUE,Developmental protein,UP_KW_MOLECULAR_FUNCTION,0.00712799702241924,8
HYP,0451 AHN-SBPV-PVHd Pdrm12 Gaba_6,CS20230722_SUPT_0451,P14,6,0.27234432985318197,0.3054137456736499,TRUE,molecular_function,GOTERM_MF_DIRECT,0.10099990226823138,0
AMY,0386 CEA-BST Ebf1 Pdyn Gaba_3,CS20230722_SUPT_0386,P1,6,0.2714786998880512,0.18556735260234464,TRUE,cilium assembly,GOTERM_BP_DIRECT,0.03592272198319412,1
HYP,0423 BST-MPN Six3 Nrgn Gaba_4,CS20230722_SUPT_0423,P5,6,0.2690010337500433,0.16997417400207548,TRUE,Apoptosis,UP_KW_BIOLOGICAL_PROCESS,0.00550286867958967,5
AMY,0355 MEA-BST Lhx6 Nr2e1 Gaba_2,CS20230722_SUPT_0355,P19,6,-0.2674145548943599,0.13057585530094648,TRUE,GABA-ergic synapse,GOTERM_CC_DIRECT,3.9261348350372e-4,29
AMY,0359 MEA-BST Lhx6 Nfib Gaba_3,CS20230722_SUPT_0359,P17,6,0.2661138012530892,0.2030569910375228,TRUE,Transmembrane helix,UP_KW_DOMAIN,0.00135325658736483,16
AMY,0370 CEA-BST Six3 Cyp26b1 Gaba_4,CS20230722_SUPT_0370,P17,6,0.265217243400863,0.1558832116594978,TRUE,zinc ion binding,GOTERM_MF_DIRECT,0.0094348224345548,1
AMY,0384 CEA-BST Ebf1 Pdyn Gaba_1,CS20230722_SUPT_0384,P7,6,0.2646972676333086,0.13550618302947445,TRUE,plasma membrane,GOTERM_CC_DIRECT,6.7264937861348e-4,17
HYP,0576 LHA-AHN-PVH Otp Trh Glut_3,CS20230722_SUPT_0576,P15,6,-0.26402899790814893,0.09996791698456911,TRUE,CROSSLNK:Glycyl lysine isopeptide (Lys-Gly) (interchain with G-Cter in SUMO2),UP_SEQ_FEATURE,0.04991604729535462,1
HYP,0587 PVH-SO-PVa Otp Glut_3,CS20230722_SUPT_0587,P2,6,0.26256270086740774,0.14277077087064563,TRUE,Differentiation,UP_KW_BIOLOGICAL_PROCESS,0.00664198033886573,3
AMY,0512 COAa-PAA-MEA Barhl2 Glut_4,CS20230722_SUPT_0512,P16,6,0.2625032824617103,0.22618730923824043,TRUE,Ubl conjugation,UP_KW_PTM,0.03388959233946026,1
HYP,0452 AHN-SBPV-PVHd Pdrm12 Gaba_7,CS20230722_SUPT_0452,P13,6,0.26079831745000165,0.24276916146063426,TRUE,mmu04080:Neuroactive ligand-receptor interaction,KEGG_PATHWAY,4.0462601008793e-4,19
HYP,0530 SI-MA-LPO-LHA Skor1 Glut_1,CS20230722_SUPT_0530,P13,6,-0.2598370968700135,0.15152280289797998,TRUE,ACT_SITE:Proton acceptor,UP_SEQ_FEATURE,0.00999069991522034,6
HYP,0422 BST-MPN Six3 Nrgn Gaba_3,CS20230722_SUPT_0422,P8,6,0.2559155896308259,0.10269283067529102,TRUE,mmu04360:Axon guidance,KEGG_PATHWAY,0.01817117220713488,8
AMY,0136 DG Glut_1,CS20230722_SUPT_0136,P12,6,-0.25452607706561464,0.17830209706360725,TRUE,plasma membrane,GOTERM_CC_DIRECT,0.00651562555711172,1
HYP,1179 OPC NN_1,CS20230722_SUPT_1179,P7,6,0.252956449237449,0.17153922266123398,TRUE,membrane,GOTERM_CC_DIRECT,0.00591734685310428,1
AMY,0105 L6b EPd Glut_3,CS20230722_SUPT_0105,P14,6,-0.2527848884293974,0.1458412683806565,TRUE,SM00233:PH,SMART,0.00178880249015799,8
HYP,0495 ARH-PVp Tbx3 Gaba_3,CS20230722_SUPT_0495,P6,6,0.2523157606742112,0.19274845873801968,TRUE,zinc ion binding,GOTERM_MF_DIRECT,0.32127966137197905,0
HYP,0570 VMH Nr5a1 Glut_5,CS20230722_SUPT_0570,P17,6,0.2504719143913328,0.14171152252278374,TRUE,IPR036051:KRAB_dom_sf,INTERPRO,0.00612333665152549,9
HYP,0438 SCH Six6 Cdc14a Gaba_3,CS20230722_SUPT_0438,P6,6,-0.24968177444922504,0.2252595641867447,TRUE,cytokine-mediated signaling pathway,GOTERM_BP_DIRECT,0.00545627348482858,12
HYP,0443 PVHd-SBPV Six3 Prox1 Gaba_2,CS20230722_SUPT_0443,P4,6,0.24900531633876738,0.10109709348087617,TRUE,RNA polymerase II core promoter sequence-specific DNA binding,GOTERM_MF_DIRECT,3.225916401431e-4,22
AMY,0342 MEA-BST Sox6 Gaba_6,CS20230722_SUPT_0342,P5,6,0.2448193350366663,0.1317929042195543,TRUE,plasma membrane,GOTERM_CC_DIRECT,0.0010339854649354,8
HYP,0438 SCH Six6 Cdc14a Gaba_3,CS20230722_SUPT_0438,P19,6,-0.24349844672868629,0.13655332215373217,TRUE,zinc ion binding,GOTERM_MF_DIRECT,0.01242770884636372,2
AMY,0175 Vip Gaba_3,CS20230722_SUPT_0175,P11,6,-0.24256556246615985,0.10296223904867735,TRUE,positive regulation of cell population proliferation,GOTERM_BP_DIRECT,0.01628075142807364,2
HYP,1181 COP NN_1,CS20230722_SUPT_1181,P17,6,-0.2411762764839769,0.11933064848373319,TRUE,Mitosis,UP_KW_BIOLOGICAL_PROCESS,0.05478656597641759,0
HYP,0555 ARH-PVp Tbx3 Glut_2,CS20230722_SUPT_0555,P6,6,0.23973616648592935,0.1377334872769411,TRUE,IPR001304:C-type_lectin-like,INTERPRO,0.0161380372544373,12
HYP,0478 TU-ARH Otp Six6 Gaba_1,CS20230722_SUPT_0478,P2,6,0.23969002898115105,0.14999253061031823,TRUE,IPR003961:FN3_dom,INTERPRO,0.00232876478255763,26
AMY,0233 STR Prox1 Lhx6 Gaba_1,CS20230722_SUPT_0233,P16,6,0.23887183236110723,0.17027830212274023,TRUE,molecular_function,GOTERM_MF_DIRECT,0.5676572787352465,0
HYP,0602 STN-PSTN Pitx2 Glut_5,CS20230722_SUPT_0602,P11,6,-0.2380347712587401,0.08317426873644386,TRUE,Developmental protein,UP_KW_MOLECULAR_FUNCTION,0.02018191925052777,2
HYP,0569 VMH Nr5a1 Glut_4,CS20230722_SUPT_0569,P0,6,0.2370892823977946,0.1815548102061441,TRUE,IPR011993:PH-like_dom_sf,INTERPRO,4.3928839840966e-4,9
AMY,0209 Pvalb Gaba_5,CS20230722_SUPT_0209,P7,6,-0.23701351686047986,0.14087355794743417,TRUE,plasma membrane,GOTERM_CC_DIRECT,0.00185867011458395,18
AMY,1179 OPC NN_1,CS20230722_SUPT_1179,P8,6,0.23636742042838607,0.12337834401889282,TRUE,Cell membrane,UP_KW_CELLULAR_COMPONENT,0.00164911995756286,3
HYP,0611 PH Pitx2 Glut_2,CS20230722_SUPT_0611,P12,6,0.23544433206046042,0.11744025130818707,TRUE,IPR003599:Ig_sub,INTERPRO,0.0290601343669684,4
AMY,0203 Lamp5 Lhx6 Gaba_1,CS20230722_SUPT_0203,P8,6,-0.23490783844983398,0.10704905656274971,TRUE,IPR001007:VWF_dom,INTERPRO,2.7854609273688e-4,3
HYP,0587 PVH-SO-PVa Otp Glut_3,CS20230722_SUPT_0587,P10,6,0.23470122876493427,0.1007707201132664,TRUE,zinc ion binding,GOTERM_MF_DIRECT,0.15620571633897468,0
HYP,0479 TU-ARH Otp Six6 Gaba_2,CS20230722_SUPT_0479,P12,6,0.23317380756586992,0.09591915928038756,TRUE,COMPBIAS:Polar residues,UP_SEQ_FEATURE,0.00303042760285781,4
HYP,0552 DMH Hmx2 Glut_1,CS20230722_SUPT_0552,P13,6,0.23124698487281617,0.17740996991578625,TRUE,Cell membrane,UP_KW_CELLULAR_COMPONENT,0.00553459369409695,2
HYP,0488 DMH Hmx2 Gaba_2,CS20230722_SUPT_0488,P15,6,0.22396552063534952,0.16692176523825195,TRUE,mmu04081:Hormone signaling,KEGG_PATHWAY,1.4500579218925e-4,3
HYP,0567 VMH Nr5a1 Glut_2,CS20230722_SUPT_0567,P6,6,0.22289874289506711,0.13827590310733098,TRUE,metanephros development,GOTERM_BP_DIRECT,0.00221981856928593,10
AMY,1163 Astro-TE NN_3,CS20230722_SUPT_1163,P6,6,0.21919174041131392,0.11210275915301156,TRUE,DNA-binding,UP_KW_MOLECULAR_FUNCTION,0.06276429424850893,0
HYP,0446 AHN-SBPV-PVHd Pdrm12 Gaba_1,CS20230722_SUPT_0446,P10,6,-0.21684352387113026,0.09462662984450179,TRUE,CARBOHYD:N-linked (GlcNAc...) asparagine,UP_SEQ_FEATURE,0.0103307560747866,7
HYP,0438 SCH Six6 Cdc14a Gaba_3,CS20230722_SUPT_0438,P0,6,-0.21514386243440115,0.15224782934897943,TRUE,TOPO_DOM:Cytoplasmic,UP_SEQ_FEATURE,0.02480139785375472,2
AMY,0203 Lamp5 Lhx6 Gaba_1,CS20230722_SUPT_0203,P15,6,0.21428892878214614,0.08040653312130702,TRUE,CARBOHYD:N-linked (GlcNAc...) asparagine,UP_SEQ_FEATURE,0.1269588054114067,0
AMY,0355 MEA-BST Lhx6 Nr2e1 Gaba_2,CS20230722_SUPT_0355,P18,6,0.214047986052141,0.14262722355291266,TRUE,mmu04080:Neuroactive ligand-receptor interaction,KEGG_PATHWAY,0.00211595938624172,5
AMY,1160 Astro-NT NN_2,CS20230722_SUPT_1160,P4,6,-0.21351590543895071,0.14154895081945224,TRUE,Transmembrane helix,UP_KW_DOMAIN,0.058364917811742,0
HYP,0459 ZI Pax6 Gaba_1,CS20230722_SUPT_0459,P8,6,-0.21025704509613813,0.1543263044761026,TRUE,cell adhesion,GOTERM_BP_DIRECT,0.02325611421881206,4
HYP,0466 ZI Pax6 Gaba_8,CS20230722_SUPT_0466,P15,6,-0.20943133488509094,0.11822524630298704,TRUE,nucleoplasm,GOTERM_CC_DIRECT,0.03454909096584344,2
HYP,0479 TU-ARH Otp Six6 Gaba_2,CS20230722_SUPT_0479,P13,6,0.20818945424916863,0.08385260326090913,TRUE,postsynaptic membrane,GOTERM_CC_DIRECT,0.00343604411572531,17
AMY,0368 CEA-BST Six3 Cyp26b1 Gaba_2,CS20230722_SUPT_0368,P4,6,-0.2075520528405766,0.1418001798225049,TRUE,CARBOHYD:N-linked (GlcNAc...) asparagine,UP_SEQ_FEATURE,0.00404576675715371,10
AMY,0003 IT EP-CLA Glut_1,CS20230722_SUPT_0003,P11,6,-0.2067389385982615,0.14417550627821624,TRUE,mmu04144:Endocytosis,KEGG_PATHWAY,0.00103571993751934,4
AMY,0287 STR-PAL Chst9 Gaba_3,CS20230722_SUPT_0287,P7,6,0.20637122708793032,0.10091139367092314,TRUE,ATP binding,GOTERM_MF_DIRECT,0.0455121965261116,1
HYP,0457 AHN Onecut3 Gaba_2,CS20230722_SUPT_0457,P17,6,-0.2056236383563084,0.19264317263414182,TRUE,cytoplasm,GOTERM_CC_DIRECT,0.05595412334278629,0
HYP,1184 MOL NN_4,CS20230722_SUPT_1184,P19,6,0.2052438106254817,0.09537758237982553,TRUE,calcium ion binding,GOTERM_MF_DIRECT,0.00135732703400033,5
AMY,0508 MEA-COA-BMA Ccdc42 Glut_4,CS20230722_SUPT_0508,P14,6,-0.20517568525376909,0.1054168764371451,TRUE,Transmembrane helix,UP_KW_DOMAIN,0.1388053486747962,0
HYP,0555 ARH-PVp Tbx3 Glut_2,CS20230722_SUPT_0555,P16,6,0.2047942005329964,0.1000615783791003,TRUE,biological_process,GOTERM_BP_DIRECT,0.13464075736363862,0
AMY,0204 Pvalb chandelier Gaba_1,CS20230722_SUPT_0204,P11,6,0.20434358575449382,0.17268347099201822,TRUE,DOMAIN:C2H2-type,UP_SEQ_FEATURE,0.00108293069685749,17
AMY,0505 MEA-COA-BMA Ccdc42 Glut_1,CS20230722_SUPT_0505,P7,6,0.20271786880739892,0.12239867901495857,TRUE,Transmembrane helix,UP_KW_DOMAIN,0.6070375471259071,0
AMY,0358 MEA-BST Lhx6 Nfib Gaba_2,CS20230722_SUPT_0358,P4,6,-0.20098844677971028,0.14758158659850434,TRUE,Glycoprotein,UP_KW_PTM,0.00331864128376402,7
HYP,0495 ARH-PVp Tbx3 Gaba_3,CS20230722_SUPT_0495,P13,6,0.19950122397068207,0.2606210606845487,TRUE,negative regulation of DNA-templated transcription,GOTERM_BP_DIRECT,0.01565553243874988,8
HYP,0444 PVHd-SBPV Six3 Prox1 Gaba_3,CS20230722_SUPT_0444,P18,6,-0.19934998957668046,0.17555464346219424,TRUE,Developmental protein,UP_KW_MOLECULAR_FUNCTION,0.00165301886078706,7
AMY,1184 MOL NN_4,CS20230722_SUPT_1184,P16,6,-0.19872318556512222,0.06641144594716673,TRUE,cell-cell adhesion,GOTERM_BP_DIRECT,0.00114898073417869,2
HYP,0530 SI-MA-LPO-LHA Skor1 Glut_1,CS20230722_SUPT_0530,P6,6,-0.1966635830436118,0.16718625274746765,TRUE,cell division,GOTERM_BP_DIRECT,0.00133781356431775,5
HYP,0474 PVHd-DMH Lhx6 Gaba_1,CS20230722_SUPT_0474,P16,6,-0.19440477770843112,0.16492632632415255,TRUE,protein binding,GOTERM_MF_DIRECT,0.12224676256151971,0
AMY,0203 Lamp5 Lhx6 Gaba_1,CS20230722_SUPT_0203,P1,6,0.19390173517033002,0.13723790212193127,TRUE,TOPO_DOM:Cytoplasmic,UP_SEQ_FEATURE,2.6579600213086e-4,34
HYP,0555 ARH-PVp Tbx3 Glut_2,CS20230722_SUPT_0555,P4,6,-0.1936529399207838,0.20437010250844992,TRUE,glutamatergic synapse,GOTERM_CC_DIRECT,1.4513814776552e-4,23
AMY,0289 STR-PAL Chst9 Gaba_5,CS20230722_SUPT_0289,P17,6,-0.19319551931949266,0.20088143277130932,TRUE,chloride channel activity,GOTERM_MF_DIRECT,0.00238191466607742,11
HYP,0974 PGRN-PARN-MDRN Hoxb5 Glut_2,CS20230722_SUPT_0974,P18,6,-0.19277726335055295,0.11324092498930632,TRUE,CARBOHYD:N-linked (GlcNAc...) asparagine,UP_SEQ_FEATURE,2.990299394648745e-7,44
HYP,0579 AHN-RCH-LHA Otp Fezf1 Glut_1,CS20230722_SUPT_0579,P2,6,0.1924268828763535,0.21432959439145033,TRUE,Disulfide bond,UP_KW_PTM,0.00858954700208014,1
AMY,0386 CEA-BST Ebf1 Pdyn Gaba_3,CS20230722_SUPT_0386,P17,6,-0.19180492843583816,0.1353388500454736,TRUE,integrin-mediated signaling pathway,GOTERM_BP_DIRECT,6.543455784838037e-5,51
HYP,0449 AHN-SBPV-PVHd Pdrm12 Gaba_4,CS20230722_SUPT_0449,P3,6,-0.18995649866333164,0.16543817321175885,TRUE,molecular_function,GOTERM_MF_DIRECT,0.09455360080422756,0
AMY,0041 L2/3 IT PIR-ENTl Glut_3,CS20230722_SUPT_0041,P3,6,0.1896633771533353,0.14988303472539924,TRUE,nucleus,GOTERM_CC_DIRECT,0.00458210290930516,3
AMY,0203 Lamp5 Lhx6 Gaba_1,CS20230722_SUPT_0203,P14,6,-0.18877560371360194,0.17218107028752455,TRUE,IPR000742:EGF,INTERPRO,6.6449312105959e-4,16
AMY,0371 CEA-BST Six3 Cyp26b1 Gaba_5,CS20230722_SUPT_0371,P7,6,0.1885630151828975,0.280814191805194,TRUE,cell surface,GOTERM_CC_DIRECT,1.5756751946003e-4,28
HYP,0524 LHA Barhl2 Glut_1,CS20230722_SUPT_0524,P10,6,0.1884009568633771,0.11434570611816845,TRUE,CARBOHYD:N-linked (GlcNAc...) asparagine,UP_SEQ_FEATURE,1.1057519780323e-4,15
AMY,0355 MEA-BST Lhx6 Nr2e1 Gaba_2,CS20230722_SUPT_0355,P4,6,-0.18768111285789152,0.11729109956727353,TRUE,negative regulation of epithelial cell proliferation,GOTERM_BP_DIRECT,0.0084013867164787,8
HYP,0457 AHN Onecut3 Gaba_2,CS20230722_SUPT_0457,P6,6,0.18688124275395207,0.10863682585455105,TRUE,plasma membrane,GOTERM_CC_DIRECT,6.646935977766151e-5,26
HYP,0564 VMH Fezf1 Glut_2,CS20230722_SUPT_0564,P4,6,0.18667122323592597,0.10191306174743936,TRUE,Membrane,UP_KW_CELLULAR_COMPONENT,0.01403031561657675,1
HYP,0530 SI-MA-LPO-LHA Skor1 Glut_1,CS20230722_SUPT_0530,P3,6,-0.1858708458776563,0.1490749295557277,TRUE,CARBOHYD:N-linked (GlcNAc...) asparagine,UP_SEQ_FEATURE,0.00221409170729576,7
AMY,0209 Pvalb Gaba_5,CS20230722_SUPT_0209,P11,6,0.1846913889761021,0.12906881316411087,TRUE,COMPBIAS:Basic and acidic residues,UP_SEQ_FEATURE,0.00249828519527161,1
AMY,0368 CEA-BST Six3 Cyp26b1 Gaba_2,CS20230722_SUPT_0368,P9,6,-0.1845363049153223,0.12722293971189952,TRUE,molecular_function,GOTERM_MF_DIRECT,0.10420146466267796,0
HYP,0438 SCH Six6 Cdc14a Gaba_3,CS20230722_SUPT_0438,P13,6,0.18416388529194988,0.1344170701330824,TRUE,cellular_component,GOTERM_CC_DIRECT,0.11801394825449923,0
HYP,0568 VMH Nr5a1 Glut_3,CS20230722_SUPT_0568,P7,6,0.18367577378384525,0.07820770640008926,TRUE,transforming growth factor beta receptor signaling pathway,GOTERM_BP_DIRECT,0.00690714384963534,8
HYP,1194 Microglia NN_1,CS20230722_SUPT_1194,P4,6,0.18092009244412427,0.13211870072343082,TRUE,membrane,GOTERM_CC_DIRECT,0.03268493903220192,1
HYP,1179 OPC NN_1,CS20230722_SUPT_1179,P18,6,0.18068938680905502,0.07899543776888918,TRUE,NA,NA,NA,0
HYP,0454 SBPV-PVa Six6 Satb2 Gaba_2,CS20230722_SUPT_0454,P11,6,0.17668003510367972,0.05683231003337113,TRUE,neuron differentiation,GOTERM_BP_DIRECT,0.00399001385526389,15
AMY,1179 OPC NN_1,CS20230722_SUPT_1179,P12,6,-0.17576580330397576,0.11114509803866993,TRUE,cellular_component,GOTERM_CC_DIRECT,0.03120119090420549,2
HYP,0552 DMH Hmx2 Glut_1,CS20230722_SUPT_0552,P11,6,0.1741474565531317,0.16920817550029082,TRUE,CARBOHYD:N-linked (GlcNAc...) asparagine,UP_SEQ_FEATURE,8.785089674554445e-6,20
HYP,0458 AHN Onecut3 Gaba_3,CS20230722_SUPT_0458,P4,6,0.17335198816475847,0.18362007167543062,TRUE,mmu04010:MAPK signaling pathway,KEGG_PATHWAY,0.00211172755764857,3
HYP,0602 STN-PSTN Pitx2 Glut_5,CS20230722_SUPT_0602,P3,6,0.1715813138192889,0.07687972712295785,TRUE,cell junction,GOTERM_CC_DIRECT,0.01387433046014643,2
HYP,0974 PGRN-PARN-MDRN Hoxb5 Glut_2,CS20230722_SUPT_0974,P2,6,0.17125373092406299,0.1267063023306962,TRUE,Cell membrane,UP_KW_CELLULAR_COMPONENT,6.9382181245014e-4,4
HYP,0487 DMH Hmx2 Gaba_1,CS20230722_SUPT_0487,P18,6,0.17016980588439287,0.17635463686240985,TRUE,Glycoprotein,UP_KW_PTM,2.8719329958505e-4,14
HYP,0565 VMH Fezf1 Glut_3,CS20230722_SUPT_0565,P10,6,0.1700977716892513,0.17521107406802067,TRUE,transmembrane transport,GOTERM_BP_DIRECT,0.0188082729870778,2
HYP,0451 AHN-SBPV-PVHd Pdrm12 Gaba_6,CS20230722_SUPT_0451,P1,6,0.16997107456593158,0.16663351295465406,TRUE,CARBOHYD:N-linked (GlcNAc...) asparagine,UP_SEQ_FEATURE,0.001491727516084,9
AMY,0204 Pvalb chandelier Gaba_1,CS20230722_SUPT_0204,P0,6,0.16908098046059128,0.16256878158469995,TRUE,Developmental protein,UP_KW_MOLECULAR_FUNCTION,6.0103590853786e-4,4
HYP,0491 DMH Hmx2 Gaba_5,CS20230722_SUPT_0491,P14,6,0.1688614931140504,0.12810585562051294,TRUE,CARBOHYD:N-linked (GlcNAc...) asparagine,UP_SEQ_FEATURE,0.00357226444970044,7
HYP,0587 PVH-SO-PVa Otp Glut_3,CS20230722_SUPT_0587,P11,6,0.16833765361230932,0.13505668953000488,TRUE,Synapse,UP_KW_CELLULAR_COMPONENT,1.4784192147986e-4,48
HYP,0587 PVH-SO-PVa Otp Glut_3,CS20230722_SUPT_0587,P18,6,-0.16813870214098658,0.12247182472193001,TRUE,axon guidance,GOTERM_BP_DIRECT,0.00986091660561236,7
HYP,0567 VMH Nr5a1 Glut_2,CS20230722_SUPT_0567,P18,6,0.16779039117864192,0.05129099649958952,TRUE,Secreted,UP_KW_CELLULAR_COMPONENT,0.03372409425903851,1
AMY,0136 DG Glut_1,CS20230722_SUPT_0136,P2,6,0.1672086876000992,0.1773038864926903,TRUE,NA,NA,NA,0
HYP,0525 LHA Barhl2 Glut_2,CS20230722_SUPT_0525,P8,6,0.16650036559155337,0.12225442682778981,TRUE,Cleavage on pair of basic residues,UP_KW_PTM,0.0020789523831865,4
HYP,0479 TU-ARH Otp Six6 Gaba_2,CS20230722_SUPT_0479,P3,6,-0.16609665098784918,0.07709025725853735,TRUE,TRANSMEM:Helical,UP_SEQ_FEATURE,0.00696431080991818,10
HYP,0480 TU-ARH Otp Six6 Gaba_3,CS20230722_SUPT_0480,P8,6,0.16318972230751408,0.1057253390142362,TRUE,Disulfide bond,UP_KW_PTM,0.14495686846968842,0
HYP,0602 STN-PSTN Pitx2 Glut_5,CS20230722_SUPT_0602,P4,6,0.16259176267224085,0.047301440865477815,TRUE,COMPBIAS:Low complexity,UP_SEQ_FEATURE,0.07220631631412824,0
HYP,0552 DMH Hmx2 Glut_1,CS20230722_SUPT_0552,P17,6,-0.16247845527680552,0.13423175221489983,TRUE,Transmembrane helix,UP_KW_DOMAIN,0.0120196114538156,2
AMY,0342 MEA-BST Sox6 Gaba_6,CS20230722_SUPT_0342,P13,6,-0.16168483887364837,0.13334473736953376,TRUE,CARBOHYD:N-linked (GlcNAc...) asparagine,UP_SEQ_FEATURE,0.01950983965247535,4
HYP,0457 AHN Onecut3 Gaba_2,CS20230722_SUPT_0457,P10,6,-0.1613950892929279,0.10038602417715141,TRUE,cell differentiation,GOTERM_BP_DIRECT,3.7761808704901e-4,18
HYP,0487 DMH Hmx2 Gaba_1,CS20230722_SUPT_0487,P15,6,-0.16017265294965585,0.07541835478621597,TRUE,plasma membrane,GOTERM_CC_DIRECT,0.01277837694185256,1
HYP,0602 STN-PSTN Pitx2 Glut_5,CS20230722_SUPT_0602,P10,6,-0.15951938439270014,0.11811031390393877,TRUE,Calcium,UP_KW_LIGAND,0.00182596689684275,3
HYP,0459 ZI Pax6 Gaba_1,CS20230722_SUPT_0459,P1,6,0.15895219149947853,0.156420805187846,TRUE,ACT_SITE:For sulfotransferase activity,UP_SEQ_FEATURE,1.106659988773096e-6,32
HYP,0471 DMH-LHA Gsx1 Gaba_2,CS20230722_SUPT_0471,P17,6,0.15863877825497977,0.11854033130149574,TRUE,mmu04081:Hormone signaling,KEGG_PATHWAY,1.6962083498224e-4,16
AMY,1184 MOL NN_4,CS20230722_SUPT_1184,P10,6,-0.15802515693154387,0.11249368370424204,TRUE,glutamatergic synapse,GOTERM_CC_DIRECT,1.9755051291328535e-5,30
HYP,0587 PVH-SO-PVa Otp Glut_3,CS20230722_SUPT_0587,P12,6,0.15777364522093046,0.05431775807261744,TRUE,Zinc,UP_KW_LIGAND,0.14042714039223375,0
AMY,0206 Pvalb Gaba_2,CS20230722_SUPT_0206,P7,6,0.15733541164669593,0.12202359618350908,TRUE,plasma membrane,GOTERM_CC_DIRECT,0.00115545020343635,14
HYP,0575 LHA-AHN-PVH Otp Trh Glut_2,CS20230722_SUPT_0575,P8,6,-0.15634830022852134,0.21598083456630254,TRUE,presynapse,GOTERM_CC_DIRECT,0.00565703526365128,7
AMY,0289 STR-PAL Chst9 Gaba_5,CS20230722_SUPT_0289,P12,6,-0.1556721969827387,0.1842943100482196,TRUE,glutamatergic synapse,GOTERM_CC_DIRECT,0.01359763911235605,1
HYP,0466 ZI Pax6 Gaba_8,CS20230722_SUPT_0466,P3,6,0.15421971451909336,0.0919479158014488,TRUE,mmu04517:IgSF CAM signaling,KEGG_PATHWAY,0.00144573588477061,19
AMY,0285 STR-PAL Chst9 Gaba_1,CS20230722_SUPT_0285,P11,6,-0.15332222070283288,0.11643372422837424,TRUE,Repeat,UP_KW_DOMAIN,0.25656926282569603,0
HYP,0481 TMd-DMH Foxd2 Gaba_1,CS20230722_SUPT_0481,P11,6,0.15238531463046723,0.14632668650350994,TRUE,Membrane,UP_KW_CELLULAR_COMPONENT,0.32227312394812135,0
HYP,0487 DMH Hmx2 Gaba_1,CS20230722_SUPT_0487,P9,6,-0.1522313849597382,0.13819649399988923,TRUE,Glycoprotein,UP_KW_PTM,0.06895733823236976,0
AMY,0289 STR-PAL Chst9 Gaba_5,CS20230722_SUPT_0289,P19,6,-0.1496190273831066,0.06501697104934147,TRUE,NA,NA,NA,0
AMY,0374 CEA-AAA-BST Six3 Sp9 Gaba_2,CS20230722_SUPT_0374,P9,6,0.14847780283575168,0.11805832608993111,TRUE,DOMAIN:C2,UP_SEQ_FEATURE,0.00184178256192953,8
AMY,0204 Pvalb chandelier Gaba_1,CS20230722_SUPT_0204,P14,6,-0.14623058762962968,0.0684701761437187,TRUE,CROSSLNK:Glycyl lysine isopeptide (Lys-Gly) (interchain with G-Cter in SUMO2),UP_SEQ_FEATURE,0.00707656271347807,2
HYP,0451 AHN-SBPV-PVHd Pdrm12 Gaba_6,CS20230722_SUPT_0451,P13,6,-0.14524247459883888,0.06558881035853482,TRUE,Guanine-nucleotide releasing factor,UP_KW_MOLECULAR_FUNCTION,0.0090713083340516,13
AMY,0055 MEA Slc17a7 Glut_1,CS20230722_SUPT_0055,P19,6,-0.14296694957250228,0.06304466415049631,TRUE,DOMAIN:Ricin B lectin,UP_SEQ_FEATURE,3.4011896211531e-4,25
HYP,1194 Microglia NN_1,CS20230722_SUPT_1194,P9,6,0.1426037557537255,0.11813907934858786,TRUE,SM00320:WD40,SMART,0.00388354082839274,7
HYP,0436 SCH Six6 Cdc14a Gaba_1,CS20230722_SUPT_0436,P12,6,0.1425999826465993,0.07244891897119514,TRUE,Membrane,UP_KW_CELLULAR_COMPONENT,0.01582002934853124,4
HYP,0459 ZI Pax6 Gaba_1,CS20230722_SUPT_0459,P2,6,0.1420191242494685,0.10955396404583354,TRUE,Synapse,UP_KW_CELLULAR_COMPONENT,8.298266037031244e-5,58
AMY,0039 L2/3 IT PIR-ENTl Glut_1,CS20230722_SUPT_0039,P14,6,0.1400234618761363,0.12224004056150246,TRUE,Extracellular matrix,UP_KW_CELLULAR_COMPONENT,0.00505855950964205,7
AMY,0003 IT EP-CLA Glut_1,CS20230722_SUPT_0003,P18,6,0.13917215030667787,0.09864925029001624,TRUE,IPR011993:PH-like_dom_sf,INTERPRO,0.01184643599195193,2
AMY,0359 MEA-BST Lhx6 Nfib Gaba_3,CS20230722_SUPT_0359,P0,6,0.1384226298349901,0.11134934343033542,TRUE,CARBOHYD:N-linked (GlcNAc...) asparagine,UP_SEQ_FEATURE,0.0119508272786574,3
AMY,0038 L2/3 IT ENT Glut_6,CS20230722_SUPT_0038,P4,6,-0.13836472958450502,0.07393441531773344,TRUE,COMPBIAS:Basic and acidic residues,UP_SEQ_FEATURE,0.5329395106878123,0
AMY,0105 L6b EPd Glut_3,CS20230722_SUPT_0105,P9,6,-0.1359156945137115,0.13737442081566015,TRUE,CARBOHYD:O-linked (Xyl...) (chondroitin sulfate) serine,UP_SEQ_FEATURE,7.0482177150077e-4,16
HYP,0456 AHN Onecut3 Gaba_1,CS20230722_SUPT_0456,P16,6,0.13564039016412377,0.16185635050096212,TRUE,Cell membrane,UP_KW_CELLULAR_COMPONENT,0.06455735237518102,0
AMY,0233 STR Prox1 Lhx6 Gaba_1,CS20230722_SUPT_0233,P12,6,0.13348795608257286,0.1405965067031316,TRUE,cytosol,GOTERM_CC_DIRECT,0.03910918411892056,1
HYP,0569 VMH Nr5a1 Glut_4,CS20230722_SUPT_0569,P18,6,-0.1333816455275794,0.08064795123646372,TRUE,Golgi apparatus,GOTERM_CC_DIRECT,0.02357892204177173,2
HYP,0576 LHA-AHN-PVH Otp Trh Glut_3,CS20230722_SUPT_0576,P7,6,0.1325837767672585,0.07560258928348211,TRUE,zinc ion binding,GOTERM_MF_DIRECT,0.20089830943898732,0
HYP,0566 VMH Nr5a1 Glut_1,CS20230722_SUPT_0566,P9,6,0.1298355393610844,0.12485367240121722,TRUE,PIRSF037037:Kelch-like_protein_gigaxonin,PIR_SUPERFAMILY,4.8935625431953e-4,34
AMY,0274 STR D2 Gaba_1,CS20230722_SUPT_0274,P15,6,0.12865026556382816,0.06934470351977533,TRUE,transmembrane transport,GOTERM_BP_DIRECT,0.0226616457423981,3
HYP,1184 MOL NN_4,CS20230722_SUPT_1184,P12,6,0.12823364317959193,0.08095094673531276,TRUE,NA,NA,NA,0
AMY,1179 OPC NN_1,CS20230722_SUPT_1179,P18,6,-0.12770593632896068,0.11087958934780479,TRUE,membrane raft,GOTERM_CC_DIRECT,0.01067670648624125,6
HYP,0570 VMH Nr5a1 Glut_5,CS20230722_SUPT_0570,P18,6,-0.12721717795006796,0.14045724723536102,TRUE,GTP binding,GOTERM_MF_DIRECT,0.01280051611697718,2
AMY,0509 COAa-PAA-MEA Barhl2 Glut_1,CS20230722_SUPT_0509,P10,6,-0.12716951293557843,0.06146560915842641,TRUE,transmembrane transport,GOTERM_BP_DIRECT,0.03592670829708291,1
AMY,1163 Astro-TE NN_3,CS20230722_SUPT_1163,P18,6,-0.12566620490518537,0.08791713475486307,TRUE,NA,NA,NA,0
AMY,0056 MEA Slc17a7 Glut_2,CS20230722_SUPT_0056,P6,6,0.12157903428280079,0.11824603310300667,TRUE,Cell membrane,UP_KW_CELLULAR_COMPONENT,0.06428315778735474,0
HYP,0545 DMH Nkx2-4 Glut_2,CS20230722_SUPT_0545,P7,6,0.12097535504838607,0.039698494834960664,TRUE,cellular_component,GOTERM_CC_DIRECT,0.05258942938072783,0
AMY,0065 LA-BLA-BMA-PA Glut_6,CS20230722_SUPT_0065,P19,6,0.12087892483377052,0.10075660561831233,TRUE,cellular_component,GOTERM_CC_DIRECT,8.9166891702451e-4,4
HYP,0567 VMH Nr5a1 Glut_2,CS20230722_SUPT_0567,P11,6,-0.12028502360556172,0.0571617238446518,TRUE,Lipoprotein,UP_KW_PTM,0.05431882023680449,0
HYP,0436 SCH Six6 Cdc14a Gaba_1,CS20230722_SUPT_0436,P10,6,0.11926147130936993,0.09186946300678209,TRUE,Transcription regulation,UP_KW_BIOLOGICAL_PROCESS,0.24321462329582705,0
AMY,0507 MEA-COA-BMA Ccdc42 Glut_3,CS20230722_SUPT_0507,P11,6,-0.11784330534830068,0.08032391227935164,TRUE,biological_process,GOTERM_BP_DIRECT,0.08314314981135683,0
HYP,1173 Tanycyte NN_2,CS20230722_SUPT_1173,P11,6,0.11466872781169796,0.05641883735419583,TRUE,mmu04726:Serotonergic synapse,KEGG_PATHWAY,0.00509804497232403,3
AMY,0374 CEA-AAA-BST Six3 Sp9 Gaba_2,CS20230722_SUPT_0374,P16,6,0.11427328231855799,0.07252118263476441,TRUE,TRANSIT:Mitochondrion,UP_SEQ_FEATURE,0.01960902346280256,3
AMY,0001 CLA-EPd-CTX Car3 Glut_1,CS20230722_SUPT_0001,P17,6,0.11317178627507381,0.07294715396658003,TRUE,cell surface,GOTERM_CC_DIRECT,1.498584259461e-4,21
HYP,0487 DMH Hmx2 Gaba_1,CS20230722_SUPT_0487,P13,6,-0.11198544550454369,0.08351281786336055,TRUE,Cytoskeleton,COG_ONTOLOGY,0.00177469497523041,2
HYP,1160 Astro-NT NN_2,CS20230722_SUPT_1160,P1,6,0.11010822366836422,0.06923348309701124,TRUE,basement membrane,GOTERM_CC_DIRECT,0.0013287389758507,3
AMY,0507 MEA-COA-BMA Ccdc42 Glut_3,CS20230722_SUPT_0507,P2,6,0.10831091227177321,0.05287609121676294,TRUE,Repeat,UP_KW_DOMAIN,0.0327940533366813,2
AMY,0538 MEA Otp Foxp2 Glut_1,CS20230722_SUPT_0538,P7,6,-0.10826431286562792,0.11655674431106892,TRUE,Ubl conjugation,UP_KW_PTM,0.15685705351159124,0
HYP,1173 Tanycyte NN_2,CS20230722_SUPT_1173,P7,6,-0.10647402093515351,0.0902919098754428,TRUE,glutamatergic synapse,GOTERM_CC_DIRECT,0.00733951814506813,2
HYP,0458 AHN Onecut3 Gaba_3,CS20230722_SUPT_0458,P13,6,0.10340856671702518,0.08003122790575733,TRUE,mmu05202:Transcriptional misregulation in cancer,KEGG_PATHWAY,0.00109730031262981,7
HYP,0481 TMd-DMH Foxd2 Gaba_1,CS20230722_SUPT_0481,P18,6,0.09979189044024515,0.07450271466843852,TRUE,TOPO_DOM:Cytoplasmic,UP_SEQ_FEATURE,0.01868663598782424,4
HYP,0487 DMH Hmx2 Gaba_1,CS20230722_SUPT_0487,P5,6,-0.09795345610416273,0.06365337551590963,TRUE,DOMAIN:SH3,UP_SEQ_FEATURE,0.00556087848910614,11
HYP,0459 ZI Pax6 Gaba_1,CS20230722_SUPT_0459,P7,6,-0.09780240824834252,0.0902951646402079,TRUE,mmu04080:Neuroactive ligand-receptor interaction,KEGG_PATHWAY,0.00430219815297815,6
AMY,0370 CEA-BST Six3 Cyp26b1 Gaba_4,CS20230722_SUPT_0370,P4,6,0.09031182734497224,0.05136938320822838,TRUE,flagellated sperm motility,GOTERM_BP_DIRECT,3.3270666462924e-4,16
HYP,0602 STN-PSTN Pitx2 Glut_5,CS20230722_SUPT_0602,P17,6,-0.09013503045065031,0.07875251593405788,TRUE,CARBOHYD:N-linked (GlcNAc...) asparagine,UP_SEQ_FEATURE,0.07477833558573069,0
HYP,0974 PGRN-PARN-MDRN Hoxb5 Glut_2,CS20230722_SUPT_0974,P19,6,0.08983548491859715,0.06233238488583076,TRUE,cellular_component,GOTERM_CC_DIRECT,3.8745944956881e-4,3
AMY,0056 MEA Slc17a7 Glut_2,CS20230722_SUPT_0056,P7,6,-0.08810029869714299,0.0403496681494742,TRUE,Extracellular matrix,UP_KW_CELLULAR_COMPONENT,5.2594194436048e-4,18
HYP,1160 Astro-NT NN_2,CS20230722_SUPT_1160,P0,6,0.08683274299476738,0.07171530237323498,TRUE,IPR009030:Growth_fac_rcpt_cys_sf,INTERPRO,2.045609976660901e-6,10
HYP,0448 AHN-SBPV-PVHd Pdrm12 Gaba_3,CS20230722_SUPT_0448,P7,6,0.08599353015537615,0.0601797612964803,TRUE,positive regulation of DNA-templated transcription,GOTERM_BP_DIRECT,0.00167939552974859,15
HYP,0438 SCH Six6 Cdc14a Gaba_3,CS20230722_SUPT_0438,P12,6,0.08594326230746696,0.05867245699752474,TRUE,mmu05200:Pathways in cancer,KEGG_PATHWAY,0.03180191400130755,2
AMY,0055 MEA Slc17a7 Glut_1,CS20230722_SUPT_0055,P9,6,-0.08457997358077783,0.06593853930599428,TRUE,Extracellular matrix,UP_KW_CELLULAR_COMPONENT,0.00798265663050814,2
AMY,1163 Astro-TE NN_3,CS20230722_SUPT_1163,P19,6,-0.08245091651964903,0.03752046816291001,TRUE,positive regulation of cell population proliferation,GOTERM_BP_DIRECT,0.00279268703004569,3
HYP,0555 ARH-PVp Tbx3 Glut_2,CS20230722_SUPT_0555,P5,6,-0.08223560898233752,0.07735040288453672,TRUE,intracellular signal transduction,GOTERM_BP_DIRECT,0.00606814125956004,3
AMY,0507 MEA-COA-BMA Ccdc42 Glut_3,CS20230722_SUPT_0507,P15,6,0.07589676814133145,0.03580943641646283,TRUE,REGION:Disordered,UP_SEQ_FEATURE,0.00858089488188811,7
AMY,1160 Astro-NT NN_2,CS20230722_SUPT_1160,P18,6,0.07553811551427332,0.09618067304290946,TRUE,IPR029063:SAM-dependent_MTases_sf,INTERPRO,0.02242557633149583,12
AMY,0056 MEA Slc17a7 Glut_2,CS20230722_SUPT_0056,P18,6,-0.07534388199622008,0.051376517095130754,TRUE,CARBOHYD:N-linked (GlcNAc...) asparagine,UP_SEQ_FEATURE,0.07080692601389996,0
AMY,0288 STR-PAL Chst9 Gaba_4,CS20230722_SUPT_0288,P1,6,-0.07292077916451613,0.05496819609206371,TRUE,COMPBIAS:Basic and acidic residues,UP_SEQ_FEATURE,0.07488061016206293,0
HYP,0588 PVH-SO-PVa Otp Glut_4,CS20230722_SUPT_0588,P3,6,0.06800104552993089,0.02948311826822304,TRUE,IPR013783:Ig-like_fold,INTERPRO,6.502690792024623e-6,63
AMY,0061 LA-BLA-BMA-PA Glut_2,CS20230722_SUPT_0061,P16,6,-0.06744417634399745,0.056538959716934616,TRUE,mmu05412:Arrhythmogenic right ventricular cardiomyopathy,KEGG_PATHWAY,0.00204337889699111,12
HYP,1184 MOL NN_4,CS20230722_SUPT_1184,P16,6,0.05873574555815567,0.04792146163359366,TRUE,NA,NA,NA,0
AMY,0062 LA-BLA-BMA-PA Glut_3,CS20230722_SUPT_0062,P8,6,0.055399559875782024,0.03152074329591887,TRUE,COMPBIAS:Basic and acidic residues,UP_SEQ_FEATURE,0.10019728524791996,0
HYP,0470 DMH-LHA Gsx1 Gaba_1,CS20230722_SUPT_0470,P15,6,-0.05508527194452322,0.06175590608204656,TRUE,DOMAIN:KRAB,UP_SEQ_FEATURE,0.00413094027315748,11
AMY,0509 COAa-PAA-MEA Barhl2 Glut_1,CS20230722_SUPT_0509,P13,6,-0.04704852432832022,0.03258068069675522,TRUE,COMPBIAS:Basic and acidic residues,UP_SEQ_FEATURE,0.00775173821828668,2
