tissue,supertype_name,supertype_label,program_id,n_wildr_samples,mean_h,sd_h,same_sign
AMY,0338 MEA-BST Sox6 Gaba_2,CS20230722_SUPT_0338,P10,6,-0.5466744187820425,0.16436670825744124,TRUE
HYP,0556 ARH-PVp Tbx3 Glut_3,CS20230722_SUPT_0556,P1,6,0.4756647086166879,0.20039347727543216,TRUE
AMY,0355 MEA-BST Lhx6 Nr2e1 Gaba_2,CS20230722_SUPT_0355,P5,6,-0.47405823462522173,0.19372604456099884,TRUE
HYP,0473 DMH-LHA Gsx1 Gaba_4,CS20230722_SUPT_0473,P14,6,0.4611809228755136,0.2924116576740121,TRUE
HYP,1181 COP NN_1,CS20230722_SUPT_1181,P1,6,0.4493157453395998,0.164560525435921,TRUE
HYP,0591 PH-ant-LHA Otp Bsx Glut_1,CS20230722_SUPT_0591,P18,6,0.4473979169811284,0.2618164854124015,TRUE
HYP,0481 TMd-DMH Foxd2 Gaba_1,CS20230722_SUPT_0481,P15,6,0.443013375349751,0.18610394904084038,TRUE
HYP,0594 PH-ant-LHA Otp Bsx Glut_4,CS20230722_SUPT_0594,P6,6,0.42696258274562054,0.3388093289515118,TRUE
HYP,0556 ARH-PVp Tbx3 Glut_3,CS20230722_SUPT_0556,P9,6,0.40932800313665707,0.2431602987011076,TRUE
AMY,0194 RHP-COA Ndnf Gaba_2,CS20230722_SUPT_0194,P13,6,0.40028131488799334,0.2709889731335764,TRUE
AMY,0359 MEA-BST Lhx6 Nfib Gaba_3,CS20230722_SUPT_0359,P6,6,-0.40022819199606674,0.2260242147846581,TRUE
HYP,0597 PH-ant-LHA Otp Bsx Glut_7,CS20230722_SUPT_0597,P1,6,0.3982354023721127,0.285853556370322,TRUE
AMY,0355 MEA-BST Lhx6 Nr2e1 Gaba_2,CS20230722_SUPT_0355,P7,6,0.38607429398933507,0.18718196370713777,TRUE
HYP,0581 AHN-RCH-LHA Otp Fezf1 Glut_3,CS20230722_SUPT_0581,P9,6,-0.38584447985077197,0.18247584690644233,TRUE
AMY,0174 Vip Gaba_2,CS20230722_SUPT_0174,P7,6,0.382313091223879,0.20664052201213742,TRUE
AMY,0001 CLA-EPd-CTX Car3 Glut_1,CS20230722_SUPT_0001,P0,6,-0.38084251493270915,0.0920274224672251,TRUE
AMY,0173 Vip Gaba_1,CS20230722_SUPT_0173,P0,6,-0.3787025189273488,0.12369421144538822,TRUE
AMY,1184 MOL NN_4,CS20230722_SUPT_1184,P15,6,-0.3755821755844074,0.16620028889095212,TRUE
AMY,0368 CEA-BST Six3 Cyp26b1 Gaba_2,CS20230722_SUPT_0368,P5,6,-0.37405588271733375,0.2672417716909337,TRUE
AMY,0174 Vip Gaba_2,CS20230722_SUPT_0174,P18,6,0.3718164067955736,0.21018718423375002,TRUE
HYP,0564 VMH Fezf1 Glut_2,CS20230722_SUPT_0564,P16,6,0.3682739997514835,0.28949946095004436,TRUE
HYP,0588 PVH-SO-PVa Otp Glut_4,CS20230722_SUPT_0588,P19,6,0.36782704040183034,0.16480545899663782,TRUE
HYP,0568 VMH Nr5a1 Glut_3,CS20230722_SUPT_0568,P14,6,0.3464135278051223,0.16662481751723898,TRUE
HYP,0495 ARH-PVp Tbx3 Gaba_3,CS20230722_SUPT_0495,P0,6,0.34469293324344075,0.16938515189503014,TRUE
HYP,0569 VMH Nr5a1 Glut_4,CS20230722_SUPT_0569,P12,6,0.3384500817414576,0.26112882315771474,TRUE
AMY,0287 STR-PAL Chst9 Gaba_3,CS20230722_SUPT_0287,P12,6,-0.3356716741069403,0.21391623511140867,TRUE
HYP,0473 DMH-LHA Gsx1 Gaba_4,CS20230722_SUPT_0473,P4,6,0.33198065249447367,0.20152717950529883,TRUE
AMY,0338 MEA-BST Sox6 Gaba_2,CS20230722_SUPT_0338,P15,6,0.33096595201339774,0.20900450218944,TRUE
HYP,0353 MEA-BST Lhx6 Sp9 Gaba_7,CS20230722_SUPT_0353,P2,6,0.33059188209310064,0.17672823812038052,TRUE
HYP,1160 Astro-NT NN_2,CS20230722_SUPT_1160,P18,6,-0.32893541000269927,0.2440385999715772,TRUE
HYP,0565 VMH Fezf1 Glut_3,CS20230722_SUPT_0565,P3,6,0.3287590535282122,0.15982158442338854,TRUE
HYP,0556 ARH-PVp Tbx3 Glut_3,CS20230722_SUPT_0556,P3,6,0.32662690604628236,0.3280246629454504,TRUE
HYP,0555 ARH-PVp Tbx3 Glut_2,CS20230722_SUPT_0555,P0,6,0.32553196729022527,0.19300916284078237,TRUE
AMY,0340 MEA-BST Sox6 Gaba_4,CS20230722_SUPT_0340,P12,6,0.32501475403156566,0.13547852001032476,TRUE
HYP,0451 AHN-SBPV-PVHd Pdrm12 Gaba_6,CS20230722_SUPT_0451,P12,6,-0.3248418006171132,0.21303714465711523,TRUE
HYP,0487 DMH Hmx2 Gaba_1,CS20230722_SUPT_0487,P10,6,0.3212702774450022,0.12922464289159227,TRUE
AMY,0174 Vip Gaba_2,CS20230722_SUPT_0174,P3,6,-0.316996419825845,0.16593085333106197,TRUE
HYP,0570 VMH Nr5a1 Glut_5,CS20230722_SUPT_0570,P7,6,0.31647304729229825,0.262838832574986,TRUE
HYP,0568 VMH Nr5a1 Glut_3,CS20230722_SUPT_0568,P1,6,0.31068573109976,0.18566687988715222,TRUE
HYP,0447 AHN-SBPV-PVHd Pdrm12 Gaba_2,CS20230722_SUPT_0447,P2,6,-0.31035391498033166,0.3355045024968485,TRUE
HYP,0471 DMH-LHA Gsx1 Gaba_2,CS20230722_SUPT_0471,P18,6,0.3063244012629864,0.18010613558874275,TRUE
AMY,0173 Vip Gaba_1,CS20230722_SUPT_0173,P15,6,-0.3055140564516088,0.22691529678054803,TRUE
AMY,0004 IT EP-CLA Glut_2,CS20230722_SUPT_0004,P3,6,0.30321585572089793,0.17203852293459293,TRUE
HYP,0457 AHN Onecut3 Gaba_2,CS20230722_SUPT_0457,P9,6,0.30207538591322836,0.20020273253934495,TRUE
HYP,0481 TMd-DMH Foxd2 Gaba_1,CS20230722_SUPT_0481,P16,6,0.29921554953965906,0.25591493748187527,TRUE
HYP,0495 ARH-PVp Tbx3 Gaba_3,CS20230722_SUPT_0495,P5,6,0.29920513638755597,0.1995429806362168,TRUE
HYP,0545 DMH Nkx2-4 Glut_2,CS20230722_SUPT_0545,P12,6,-0.29733746423116436,0.17917364782163778,TRUE
AMY,0004 IT EP-CLA Glut_2,CS20230722_SUPT_0004,P8,6,0.2967758342861155,0.2086978620390421,TRUE
AMY,0285 STR-PAL Chst9 Gaba_1,CS20230722_SUPT_0285,P5,6,-0.2928072359961588,0.18715587038752796,TRUE
HYP,0544 DMH Nkx2-4 Glut_1,CS20230722_SUPT_0544,P8,6,-0.29202973118102177,0.19066936554060565,TRUE
HYP,0423 BST-MPN Six3 Nrgn Gaba_4,CS20230722_SUPT_0423,P6,6,0.29134474524083664,0.14606287050090175,TRUE
AMY,0511 COAa-PAA-MEA Barhl2 Glut_3,CS20230722_SUPT_0511,P19,6,-0.28884961001443665,0.09551591959419851,TRUE
HYP,0575 LHA-AHN-PVH Otp Trh Glut_2,CS20230722_SUPT_0575,P3,6,0.2877772145529416,0.1127917333347585,TRUE
HYP,0530 SI-MA-LPO-LHA Skor1 Glut_1,CS20230722_SUPT_0530,P12,6,-0.28656402520004903,0.18988378249030657,TRUE
HYP,0444 PVHd-SBPV Six3 Prox1 Gaba_3,CS20230722_SUPT_0444,P14,6,-0.2862546505981311,0.18989662017038075,TRUE
HYP,0437 SCH Six6 Cdc14a Gaba_2,CS20230722_SUPT_0437,P0,6,0.28620288802517546,0.15102237310991645,TRUE
HYP,0565 VMH Fezf1 Glut_3,CS20230722_SUPT_0565,P12,6,-0.2851961665163312,0.10011816489853917,TRUE
HYP,0422 BST-MPN Six3 Nrgn Gaba_3,CS20230722_SUPT_0422,P15,6,0.282259758292135,0.1827696738765111,TRUE
HYP,0447 AHN-SBPV-PVHd Pdrm12 Gaba_2,CS20230722_SUPT_0447,P1,6,0.2812838108229715,0.18685927196367413,TRUE
HYP,0546 MPN-MPO-PVpo Hmx2 Glut_1,CS20230722_SUPT_0546,P19,6,0.27998863715951655,0.17462996625312296,TRUE
HYP,0449 AHN-SBPV-PVHd Pdrm12 Gaba_4,CS20230722_SUPT_0449,P19,6,0.2794830716587773,0.1277160800492627,TRUE
HYP,0452 AHN-SBPV-PVHd Pdrm12 Gaba_7,CS20230722_SUPT_0452,P2,6,0.2766125997405155,0.12727000416542994,TRUE
HYP,0448 AHN-SBPV-PVHd Pdrm12 Gaba_3,CS20230722_SUPT_0448,P9,6,0.2760598540368842,0.2145019394176325,TRUE
HYP,0470 DMH-LHA Gsx1 Gaba_1,CS20230722_SUPT_0470,P13,6,-0.27470692334615665,0.17562376303087004,TRUE
HYP,0447 AHN-SBPV-PVHd Pdrm12 Gaba_2,CS20230722_SUPT_0447,P14,6,0.2741284523128077,0.16308490887860322,TRUE
HYP,0451 AHN-SBPV-PVHd Pdrm12 Gaba_6,CS20230722_SUPT_0451,P14,6,0.27234432985318197,0.3054137456736499,TRUE
AMY,0386 CEA-BST Ebf1 Pdyn Gaba_3,CS20230722_SUPT_0386,P1,6,0.2714786998880512,0.18556735260234464,TRUE
HYP,0423 BST-MPN Six3 Nrgn Gaba_4,CS20230722_SUPT_0423,P5,6,0.2690010337500433,0.16997417400207548,TRUE
AMY,0355 MEA-BST Lhx6 Nr2e1 Gaba_2,CS20230722_SUPT_0355,P19,6,-0.2674145548943599,0.13057585530094648,TRUE
AMY,0359 MEA-BST Lhx6 Nfib Gaba_3,CS20230722_SUPT_0359,P17,6,0.2661138012530892,0.2030569910375228,TRUE
AMY,0370 CEA-BST Six3 Cyp26b1 Gaba_4,CS20230722_SUPT_0370,P17,6,0.265217243400863,0.1558832116594978,TRUE
AMY,0384 CEA-BST Ebf1 Pdyn Gaba_1,CS20230722_SUPT_0384,P7,6,0.2646972676333086,0.13550618302947445,TRUE
HYP,0576 LHA-AHN-PVH Otp Trh Glut_3,CS20230722_SUPT_0576,P15,6,-0.26402899790814893,0.09996791698456911,TRUE
HYP,0587 PVH-SO-PVa Otp Glut_3,CS20230722_SUPT_0587,P2,6,0.26256270086740774,0.14277077087064563,TRUE
AMY,0512 COAa-PAA-MEA Barhl2 Glut_4,CS20230722_SUPT_0512,P16,6,0.2625032824617103,0.22618730923824043,TRUE
HYP,0452 AHN-SBPV-PVHd Pdrm12 Gaba_7,CS20230722_SUPT_0452,P13,6,0.26079831745000165,0.24276916146063426,TRUE
HYP,0530 SI-MA-LPO-LHA Skor1 Glut_1,CS20230722_SUPT_0530,P13,6,-0.2598370968700135,0.15152280289797998,TRUE
HYP,0422 BST-MPN Six3 Nrgn Gaba_3,CS20230722_SUPT_0422,P8,6,0.2559155896308259,0.10269283067529102,TRUE
AMY,0136 DG Glut_1,CS20230722_SUPT_0136,P12,6,-0.25452607706561464,0.17830209706360725,TRUE
HYP,1179 OPC NN_1,CS20230722_SUPT_1179,P7,6,0.252956449237449,0.17153922266123398,TRUE
AMY,0105 L6b EPd Glut_3,CS20230722_SUPT_0105,P14,6,-0.2527848884293974,0.1458412683806565,TRUE
HYP,0495 ARH-PVp Tbx3 Gaba_3,CS20230722_SUPT_0495,P6,6,0.2523157606742112,0.19274845873801968,TRUE
HYP,0570 VMH Nr5a1 Glut_5,CS20230722_SUPT_0570,P17,6,0.2504719143913328,0.14171152252278374,TRUE
HYP,0438 SCH Six6 Cdc14a Gaba_3,CS20230722_SUPT_0438,P6,6,-0.24968177444922504,0.2252595641867447,TRUE
HYP,0443 PVHd-SBPV Six3 Prox1 Gaba_2,CS20230722_SUPT_0443,P4,6,0.24900531633876738,0.10109709348087617,TRUE
AMY,0342 MEA-BST Sox6 Gaba_6,CS20230722_SUPT_0342,P5,6,0.2448193350366663,0.1317929042195543,TRUE
HYP,0438 SCH Six6 Cdc14a Gaba_3,CS20230722_SUPT_0438,P19,6,-0.24349844672868629,0.13655332215373217,TRUE
AMY,0175 Vip Gaba_3,CS20230722_SUPT_0175,P11,6,-0.24256556246615985,0.10296223904867735,TRUE
HYP,1181 COP NN_1,CS20230722_SUPT_1181,P17,6,-0.2411762764839769,0.11933064848373319,TRUE
HYP,0555 ARH-PVp Tbx3 Glut_2,CS20230722_SUPT_0555,P6,6,0.23973616648592935,0.1377334872769411,TRUE
HYP,0478 TU-ARH Otp Six6 Gaba_1,CS20230722_SUPT_0478,P2,6,0.23969002898115105,0.14999253061031823,TRUE
AMY,0233 STR Prox1 Lhx6 Gaba_1,CS20230722_SUPT_0233,P16,6,0.23887183236110723,0.17027830212274023,TRUE
HYP,0602 STN-PSTN Pitx2 Glut_5,CS20230722_SUPT_0602,P11,6,-0.2380347712587401,0.08317426873644386,TRUE
HYP,0569 VMH Nr5a1 Glut_4,CS20230722_SUPT_0569,P0,6,0.2370892823977946,0.1815548102061441,TRUE
AMY,0209 Pvalb Gaba_5,CS20230722_SUPT_0209,P7,6,-0.23701351686047986,0.14087355794743417,TRUE
AMY,1179 OPC NN_1,CS20230722_SUPT_1179,P8,6,0.23636742042838607,0.12337834401889282,TRUE
HYP,0611 PH Pitx2 Glut_2,CS20230722_SUPT_0611,P12,6,0.23544433206046042,0.11744025130818707,TRUE
AMY,0203 Lamp5 Lhx6 Gaba_1,CS20230722_SUPT_0203,P8,6,-0.23490783844983398,0.10704905656274971,TRUE
HYP,0587 PVH-SO-PVa Otp Glut_3,CS20230722_SUPT_0587,P10,6,0.23470122876493427,0.1007707201132664,TRUE
HYP,0479 TU-ARH Otp Six6 Gaba_2,CS20230722_SUPT_0479,P12,6,0.23317380756586992,0.09591915928038756,TRUE
HYP,0552 DMH Hmx2 Glut_1,CS20230722_SUPT_0552,P13,6,0.23124698487281617,0.17740996991578625,TRUE
HYP,0488 DMH Hmx2 Gaba_2,CS20230722_SUPT_0488,P15,6,0.22396552063534952,0.16692176523825195,TRUE
HYP,0567 VMH Nr5a1 Glut_2,CS20230722_SUPT_0567,P6,6,0.22289874289506711,0.13827590310733098,TRUE
AMY,1163 Astro-TE NN_3,CS20230722_SUPT_1163,P6,6,0.21919174041131392,0.11210275915301156,TRUE
HYP,0446 AHN-SBPV-PVHd Pdrm12 Gaba_1,CS20230722_SUPT_0446,P10,6,-0.21684352387113026,0.09462662984450179,TRUE
HYP,0438 SCH Six6 Cdc14a Gaba_3,CS20230722_SUPT_0438,P0,6,-0.21514386243440115,0.15224782934897943,TRUE
AMY,0203 Lamp5 Lhx6 Gaba_1,CS20230722_SUPT_0203,P15,6,0.21428892878214614,0.08040653312130702,TRUE
AMY,0355 MEA-BST Lhx6 Nr2e1 Gaba_2,CS20230722_SUPT_0355,P18,6,0.214047986052141,0.14262722355291266,TRUE
AMY,1160 Astro-NT NN_2,CS20230722_SUPT_1160,P4,6,-0.21351590543895071,0.14154895081945224,TRUE
HYP,0459 ZI Pax6 Gaba_1,CS20230722_SUPT_0459,P8,6,-0.21025704509613813,0.1543263044761026,TRUE
HYP,0466 ZI Pax6 Gaba_8,CS20230722_SUPT_0466,P15,6,-0.20943133488509094,0.11822524630298704,TRUE
HYP,0479 TU-ARH Otp Six6 Gaba_2,CS20230722_SUPT_0479,P13,6,0.20818945424916863,0.08385260326090913,TRUE
AMY,0368 CEA-BST Six3 Cyp26b1 Gaba_2,CS20230722_SUPT_0368,P4,6,-0.2075520528405766,0.1418001798225049,TRUE
AMY,0003 IT EP-CLA Glut_1,CS20230722_SUPT_0003,P11,6,-0.2067389385982615,0.14417550627821624,TRUE
AMY,0287 STR-PAL Chst9 Gaba_3,CS20230722_SUPT_0287,P7,6,0.20637122708793032,0.10091139367092314,TRUE
HYP,0457 AHN Onecut3 Gaba_2,CS20230722_SUPT_0457,P17,6,-0.2056236383563084,0.19264317263414182,TRUE
HYP,1184 MOL NN_4,CS20230722_SUPT_1184,P19,6,0.2052438106254817,0.09537758237982553,TRUE
AMY,0508 MEA-COA-BMA Ccdc42 Glut_4,CS20230722_SUPT_0508,P14,6,-0.20517568525376909,0.1054168764371451,TRUE
HYP,0555 ARH-PVp Tbx3 Glut_2,CS20230722_SUPT_0555,P16,6,0.2047942005329964,0.1000615783791003,TRUE
AMY,0204 Pvalb chandelier Gaba_1,CS20230722_SUPT_0204,P11,6,0.20434358575449382,0.17268347099201822,TRUE
AMY,0505 MEA-COA-BMA Ccdc42 Glut_1,CS20230722_SUPT_0505,P7,6,0.20271786880739892,0.12239867901495857,TRUE
AMY,0358 MEA-BST Lhx6 Nfib Gaba_2,CS20230722_SUPT_0358,P4,6,-0.20098844677971028,0.14758158659850434,TRUE
HYP,0495 ARH-PVp Tbx3 Gaba_3,CS20230722_SUPT_0495,P13,6,0.19950122397068207,0.2606210606845487,TRUE
HYP,0444 PVHd-SBPV Six3 Prox1 Gaba_3,CS20230722_SUPT_0444,P18,6,-0.19934998957668046,0.17555464346219424,TRUE
AMY,1184 MOL NN_4,CS20230722_SUPT_1184,P16,6,-0.19872318556512222,0.06641144594716673,TRUE
HYP,0530 SI-MA-LPO-LHA Skor1 Glut_1,CS20230722_SUPT_0530,P6,6,-0.1966635830436118,0.16718625274746765,TRUE
HYP,0474 PVHd-DMH Lhx6 Gaba_1,CS20230722_SUPT_0474,P16,6,-0.19440477770843112,0.16492632632415255,TRUE
AMY,0203 Lamp5 Lhx6 Gaba_1,CS20230722_SUPT_0203,P1,6,0.19390173517033002,0.13723790212193127,TRUE
HYP,0555 ARH-PVp Tbx3 Glut_2,CS20230722_SUPT_0555,P4,6,-0.1936529399207838,0.20437010250844992,TRUE
AMY,0289 STR-PAL Chst9 Gaba_5,CS20230722_SUPT_0289,P17,6,-0.19319551931949266,0.20088143277130932,TRUE
HYP,0974 PGRN-PARN-MDRN Hoxb5 Glut_2,CS20230722_SUPT_0974,P18,6,-0.19277726335055295,0.11324092498930632,TRUE
HYP,0579 AHN-RCH-LHA Otp Fezf1 Glut_1,CS20230722_SUPT_0579,P2,6,0.1924268828763535,0.21432959439145033,TRUE
AMY,0386 CEA-BST Ebf1 Pdyn Gaba_3,CS20230722_SUPT_0386,P17,6,-0.19180492843583816,0.1353388500454736,TRUE
HYP,0449 AHN-SBPV-PVHd Pdrm12 Gaba_4,CS20230722_SUPT_0449,P3,6,-0.18995649866333164,0.16543817321175885,TRUE
AMY,0041 L2/3 IT PIR-ENTl Glut_3,CS20230722_SUPT_0041,P3,6,0.1896633771533353,0.14988303472539924,TRUE
AMY,0203 Lamp5 Lhx6 Gaba_1,CS20230722_SUPT_0203,P14,6,-0.18877560371360194,0.17218107028752455,TRUE
AMY,0371 CEA-BST Six3 Cyp26b1 Gaba_5,CS20230722_SUPT_0371,P7,6,0.1885630151828975,0.280814191805194,TRUE
HYP,0524 LHA Barhl2 Glut_1,CS20230722_SUPT_0524,P10,6,0.1884009568633771,0.11434570611816845,TRUE
AMY,0355 MEA-BST Lhx6 Nr2e1 Gaba_2,CS20230722_SUPT_0355,P4,6,-0.18768111285789152,0.11729109956727353,TRUE
HYP,0457 AHN Onecut3 Gaba_2,CS20230722_SUPT_0457,P6,6,0.18688124275395207,0.10863682585455105,TRUE
HYP,0564 VMH Fezf1 Glut_2,CS20230722_SUPT_0564,P4,6,0.18667122323592597,0.10191306174743936,TRUE
HYP,0530 SI-MA-LPO-LHA Skor1 Glut_1,CS20230722_SUPT_0530,P3,6,-0.1858708458776563,0.1490749295557277,TRUE
AMY,0209 Pvalb Gaba_5,CS20230722_SUPT_0209,P11,6,0.1846913889761021,0.12906881316411087,TRUE
AMY,0368 CEA-BST Six3 Cyp26b1 Gaba_2,CS20230722_SUPT_0368,P9,6,-0.1845363049153223,0.12722293971189952,TRUE
HYP,0438 SCH Six6 Cdc14a Gaba_3,CS20230722_SUPT_0438,P13,6,0.18416388529194988,0.1344170701330824,TRUE
HYP,0568 VMH Nr5a1 Glut_3,CS20230722_SUPT_0568,P7,6,0.18367577378384525,0.07820770640008926,TRUE
HYP,1194 Microglia NN_1,CS20230722_SUPT_1194,P4,6,0.18092009244412427,0.13211870072343082,TRUE
HYP,1179 OPC NN_1,CS20230722_SUPT_1179,P18,6,0.18068938680905502,0.07899543776888918,TRUE
HYP,0454 SBPV-PVa Six6 Satb2 Gaba_2,CS20230722_SUPT_0454,P11,6,0.17668003510367972,0.05683231003337113,TRUE
AMY,1179 OPC NN_1,CS20230722_SUPT_1179,P12,6,-0.17576580330397576,0.11114509803866993,TRUE
HYP,0552 DMH Hmx2 Glut_1,CS20230722_SUPT_0552,P11,6,0.1741474565531317,0.16920817550029082,TRUE
HYP,0458 AHN Onecut3 Gaba_3,CS20230722_SUPT_0458,P4,6,0.17335198816475847,0.18362007167543062,TRUE
HYP,0602 STN-PSTN Pitx2 Glut_5,CS20230722_SUPT_0602,P3,6,0.1715813138192889,0.07687972712295785,TRUE
HYP,0974 PGRN-PARN-MDRN Hoxb5 Glut_2,CS20230722_SUPT_0974,P2,6,0.17125373092406299,0.1267063023306962,TRUE
HYP,0487 DMH Hmx2 Gaba_1,CS20230722_SUPT_0487,P18,6,0.17016980588439287,0.17635463686240985,TRUE
HYP,0565 VMH Fezf1 Glut_3,CS20230722_SUPT_0565,P10,6,0.1700977716892513,0.17521107406802067,TRUE
HYP,0451 AHN-SBPV-PVHd Pdrm12 Gaba_6,CS20230722_SUPT_0451,P1,6,0.16997107456593158,0.16663351295465406,TRUE
AMY,0204 Pvalb chandelier Gaba_1,CS20230722_SUPT_0204,P0,6,0.16908098046059128,0.16256878158469995,TRUE
HYP,0491 DMH Hmx2 Gaba_5,CS20230722_SUPT_0491,P14,6,0.1688614931140504,0.12810585562051294,TRUE
HYP,0587 PVH-SO-PVa Otp Glut_3,CS20230722_SUPT_0587,P11,6,0.16833765361230932,0.13505668953000488,TRUE
HYP,0587 PVH-SO-PVa Otp Glut_3,CS20230722_SUPT_0587,P18,6,-0.16813870214098658,0.12247182472193001,TRUE
HYP,0567 VMH Nr5a1 Glut_2,CS20230722_SUPT_0567,P18,6,0.16779039117864192,0.05129099649958952,TRUE
AMY,0136 DG Glut_1,CS20230722_SUPT_0136,P2,6,0.1672086876000992,0.1773038864926903,TRUE
HYP,0525 LHA Barhl2 Glut_2,CS20230722_SUPT_0525,P8,6,0.16650036559155337,0.12225442682778981,TRUE
HYP,0479 TU-ARH Otp Six6 Gaba_2,CS20230722_SUPT_0479,P3,6,-0.16609665098784918,0.07709025725853735,TRUE
HYP,0480 TU-ARH Otp Six6 Gaba_3,CS20230722_SUPT_0480,P8,6,0.16318972230751408,0.1057253390142362,TRUE
HYP,0602 STN-PSTN Pitx2 Glut_5,CS20230722_SUPT_0602,P4,6,0.16259176267224085,0.047301440865477815,TRUE
HYP,0552 DMH Hmx2 Glut_1,CS20230722_SUPT_0552,P17,6,-0.16247845527680552,0.13423175221489983,TRUE
AMY,0342 MEA-BST Sox6 Gaba_6,CS20230722_SUPT_0342,P13,6,-0.16168483887364837,0.13334473736953376,TRUE
HYP,0457 AHN Onecut3 Gaba_2,CS20230722_SUPT_0457,P10,6,-0.1613950892929279,0.10038602417715141,TRUE
HYP,0487 DMH Hmx2 Gaba_1,CS20230722_SUPT_0487,P15,6,-0.16017265294965585,0.07541835478621597,TRUE
HYP,0602 STN-PSTN Pitx2 Glut_5,CS20230722_SUPT_0602,P10,6,-0.15951938439270014,0.11811031390393877,TRUE
HYP,0459 ZI Pax6 Gaba_1,CS20230722_SUPT_0459,P1,6,0.15895219149947853,0.156420805187846,TRUE
HYP,0471 DMH-LHA Gsx1 Gaba_2,CS20230722_SUPT_0471,P17,6,0.15863877825497977,0.11854033130149574,TRUE
AMY,1184 MOL NN_4,CS20230722_SUPT_1184,P10,6,-0.15802515693154387,0.11249368370424204,TRUE
HYP,0587 PVH-SO-PVa Otp Glut_3,CS20230722_SUPT_0587,P12,6,0.15777364522093046,0.05431775807261744,TRUE
AMY,0206 Pvalb Gaba_2,CS20230722_SUPT_0206,P7,6,0.15733541164669593,0.12202359618350908,TRUE
HYP,0575 LHA-AHN-PVH Otp Trh Glut_2,CS20230722_SUPT_0575,P8,6,-0.15634830022852134,0.21598083456630254,TRUE
AMY,0289 STR-PAL Chst9 Gaba_5,CS20230722_SUPT_0289,P12,6,-0.1556721969827387,0.1842943100482196,TRUE
HYP,0466 ZI Pax6 Gaba_8,CS20230722_SUPT_0466,P3,6,0.15421971451909336,0.0919479158014488,TRUE
AMY,0285 STR-PAL Chst9 Gaba_1,CS20230722_SUPT_0285,P11,6,-0.15332222070283288,0.11643372422837424,TRUE
HYP,0481 TMd-DMH Foxd2 Gaba_1,CS20230722_SUPT_0481,P11,6,0.15238531463046723,0.14632668650350994,TRUE
HYP,0487 DMH Hmx2 Gaba_1,CS20230722_SUPT_0487,P9,6,-0.1522313849597382,0.13819649399988923,TRUE
AMY,0289 STR-PAL Chst9 Gaba_5,CS20230722_SUPT_0289,P19,6,-0.1496190273831066,0.06501697104934147,TRUE
AMY,0374 CEA-AAA-BST Six3 Sp9 Gaba_2,CS20230722_SUPT_0374,P9,6,0.14847780283575168,0.11805832608993111,TRUE
AMY,0204 Pvalb chandelier Gaba_1,CS20230722_SUPT_0204,P14,6,-0.14623058762962968,0.0684701761437187,TRUE
HYP,0451 AHN-SBPV-PVHd Pdrm12 Gaba_6,CS20230722_SUPT_0451,P13,6,-0.14524247459883888,0.06558881035853482,TRUE
AMY,0055 MEA Slc17a7 Glut_1,CS20230722_SUPT_0055,P19,6,-0.14296694957250228,0.06304466415049631,TRUE
HYP,1194 Microglia NN_1,CS20230722_SUPT_1194,P9,6,0.1426037557537255,0.11813907934858786,TRUE
HYP,0436 SCH Six6 Cdc14a Gaba_1,CS20230722_SUPT_0436,P12,6,0.1425999826465993,0.07244891897119514,TRUE
HYP,0459 ZI Pax6 Gaba_1,CS20230722_SUPT_0459,P2,6,0.1420191242494685,0.10955396404583354,TRUE
AMY,0039 L2/3 IT PIR-ENTl Glut_1,CS20230722_SUPT_0039,P14,6,0.1400234618761363,0.12224004056150246,TRUE
AMY,0003 IT EP-CLA Glut_1,CS20230722_SUPT_0003,P18,6,0.13917215030667787,0.09864925029001624,TRUE
AMY,0359 MEA-BST Lhx6 Nfib Gaba_3,CS20230722_SUPT_0359,P0,6,0.1384226298349901,0.11134934343033542,TRUE
AMY,0038 L2/3 IT ENT Glut_6,CS20230722_SUPT_0038,P4,6,-0.13836472958450502,0.07393441531773344,TRUE
AMY,0105 L6b EPd Glut_3,CS20230722_SUPT_0105,P9,6,-0.1359156945137115,0.13737442081566015,TRUE
HYP,0456 AHN Onecut3 Gaba_1,CS20230722_SUPT_0456,P16,6,0.13564039016412377,0.16185635050096212,TRUE
AMY,0233 STR Prox1 Lhx6 Gaba_1,CS20230722_SUPT_0233,P12,6,0.13348795608257286,0.1405965067031316,TRUE
HYP,0569 VMH Nr5a1 Glut_4,CS20230722_SUPT_0569,P18,6,-0.1333816455275794,0.08064795123646372,TRUE
HYP,0576 LHA-AHN-PVH Otp Trh Glut_3,CS20230722_SUPT_0576,P7,6,0.1325837767672585,0.07560258928348211,TRUE
HYP,0566 VMH Nr5a1 Glut_1,CS20230722_SUPT_0566,P9,6,0.1298355393610844,0.12485367240121722,TRUE
AMY,0274 STR D2 Gaba_1,CS20230722_SUPT_0274,P15,6,0.12865026556382816,0.06934470351977533,TRUE
HYP,1184 MOL NN_4,CS20230722_SUPT_1184,P12,6,0.12823364317959193,0.08095094673531276,TRUE
AMY,1179 OPC NN_1,CS20230722_SUPT_1179,P18,6,-0.12770593632896068,0.11087958934780479,TRUE
HYP,0570 VMH Nr5a1 Glut_5,CS20230722_SUPT_0570,P18,6,-0.12721717795006796,0.14045724723536102,TRUE
AMY,0509 COAa-PAA-MEA Barhl2 Glut_1,CS20230722_SUPT_0509,P10,6,-0.12716951293557843,0.06146560915842641,TRUE
AMY,1163 Astro-TE NN_3,CS20230722_SUPT_1163,P18,6,-0.12566620490518537,0.08791713475486307,TRUE
AMY,0056 MEA Slc17a7 Glut_2,CS20230722_SUPT_0056,P6,6,0.12157903428280079,0.11824603310300667,TRUE
HYP,0545 DMH Nkx2-4 Glut_2,CS20230722_SUPT_0545,P7,6,0.12097535504838607,0.039698494834960664,TRUE
AMY,0065 LA-BLA-BMA-PA Glut_6,CS20230722_SUPT_0065,P19,6,0.12087892483377052,0.10075660561831233,TRUE
HYP,0567 VMH Nr5a1 Glut_2,CS20230722_SUPT_0567,P11,6,-0.12028502360556172,0.0571617238446518,TRUE
HYP,0436 SCH Six6 Cdc14a Gaba_1,CS20230722_SUPT_0436,P10,6,0.11926147130936993,0.09186946300678209,TRUE
AMY,0507 MEA-COA-BMA Ccdc42 Glut_3,CS20230722_SUPT_0507,P11,6,-0.11784330534830068,0.08032391227935164,TRUE
HYP,1173 Tanycyte NN_2,CS20230722_SUPT_1173,P11,6,0.11466872781169796,0.05641883735419583,TRUE
AMY,0374 CEA-AAA-BST Six3 Sp9 Gaba_2,CS20230722_SUPT_0374,P16,6,0.11427328231855799,0.07252118263476441,TRUE
AMY,0001 CLA-EPd-CTX Car3 Glut_1,CS20230722_SUPT_0001,P17,6,0.11317178627507381,0.07294715396658003,TRUE
HYP,0487 DMH Hmx2 Gaba_1,CS20230722_SUPT_0487,P13,6,-0.11198544550454369,0.08351281786336055,TRUE
HYP,1160 Astro-NT NN_2,CS20230722_SUPT_1160,P1,6,0.11010822366836422,0.06923348309701124,TRUE
AMY,0507 MEA-COA-BMA Ccdc42 Glut_3,CS20230722_SUPT_0507,P2,6,0.10831091227177321,0.05287609121676294,TRUE
AMY,0538 MEA Otp Foxp2 Glut_1,CS20230722_SUPT_0538,P7,6,-0.10826431286562792,0.11655674431106892,TRUE
HYP,1173 Tanycyte NN_2,CS20230722_SUPT_1173,P7,6,-0.10647402093515351,0.0902919098754428,TRUE
HYP,0458 AHN Onecut3 Gaba_3,CS20230722_SUPT_0458,P13,6,0.10340856671702518,0.08003122790575733,TRUE
HYP,0481 TMd-DMH Foxd2 Gaba_1,CS20230722_SUPT_0481,P18,6,0.09979189044024515,0.07450271466843852,TRUE
HYP,0487 DMH Hmx2 Gaba_1,CS20230722_SUPT_0487,P5,6,-0.09795345610416273,0.06365337551590963,TRUE
HYP,0459 ZI Pax6 Gaba_1,CS20230722_SUPT_0459,P7,6,-0.09780240824834252,0.0902951646402079,TRUE
AMY,0370 CEA-BST Six3 Cyp26b1 Gaba_4,CS20230722_SUPT_0370,P4,6,0.09031182734497224,0.05136938320822838,TRUE
HYP,0602 STN-PSTN Pitx2 Glut_5,CS20230722_SUPT_0602,P17,6,-0.09013503045065031,0.07875251593405788,TRUE
HYP,0974 PGRN-PARN-MDRN Hoxb5 Glut_2,CS20230722_SUPT_0974,P19,6,0.08983548491859715,0.06233238488583076,TRUE
AMY,0056 MEA Slc17a7 Glut_2,CS20230722_SUPT_0056,P7,6,-0.08810029869714299,0.0403496681494742,TRUE
HYP,1160 Astro-NT NN_2,CS20230722_SUPT_1160,P0,6,0.08683274299476738,0.07171530237323498,TRUE
HYP,0448 AHN-SBPV-PVHd Pdrm12 Gaba_3,CS20230722_SUPT_0448,P7,6,0.08599353015537615,0.0601797612964803,TRUE
HYP,0438 SCH Six6 Cdc14a Gaba_3,CS20230722_SUPT_0438,P12,6,0.08594326230746696,0.05867245699752474,TRUE
AMY,0055 MEA Slc17a7 Glut_1,CS20230722_SUPT_0055,P9,6,-0.08457997358077783,0.06593853930599428,TRUE
AMY,1163 Astro-TE NN_3,CS20230722_SUPT_1163,P19,6,-0.08245091651964903,0.03752046816291001,TRUE
HYP,0555 ARH-PVp Tbx3 Glut_2,CS20230722_SUPT_0555,P5,6,-0.08223560898233752,0.07735040288453672,TRUE
AMY,0507 MEA-COA-BMA Ccdc42 Glut_3,CS20230722_SUPT_0507,P15,6,0.07589676814133145,0.03580943641646283,TRUE
AMY,1160 Astro-NT NN_2,CS20230722_SUPT_1160,P18,6,0.07553811551427332,0.09618067304290946,TRUE
AMY,0056 MEA Slc17a7 Glut_2,CS20230722_SUPT_0056,P18,6,-0.07534388199622008,0.051376517095130754,TRUE
AMY,0288 STR-PAL Chst9 Gaba_4,CS20230722_SUPT_0288,P1,6,-0.07292077916451613,0.05496819609206371,TRUE
HYP,0588 PVH-SO-PVa Otp Glut_4,CS20230722_SUPT_0588,P3,6,0.06800104552993089,0.02948311826822304,TRUE
AMY,0061 LA-BLA-BMA-PA Glut_2,CS20230722_SUPT_0061,P16,6,-0.06744417634399745,0.056538959716934616,TRUE
HYP,1184 MOL NN_4,CS20230722_SUPT_1184,P16,6,0.05873574555815567,0.04792146163359366,TRUE
AMY,0062 LA-BLA-BMA-PA Glut_3,CS20230722_SUPT_0062,P8,6,0.055399559875782024,0.03152074329591887,TRUE
HYP,0470 DMH-LHA Gsx1 Gaba_1,CS20230722_SUPT_0470,P15,6,-0.05508527194452322,0.06175590608204656,TRUE
AMY,0509 COAa-PAA-MEA Barhl2 Glut_1,CS20230722_SUPT_0509,P13,6,-0.04704852432832022,0.03258068069675522,TRUE
