tissue,supertype_label,supertype_name,rank,n_wildr,mean_abs_h,max_abs_h
AMY,CS20230722_SUPT_0174,0174 Vip Gaba_2,140,6,0.30150495030225816,1.0919238018066346
HYP,CS20230722_SUPT_0544,0544 DMH Nkx2-4 Glut_1,64,6,0.2802113581299159,1.113267406574067
AMY,CS20230722_SUPT_0173,0173 Vip Gaba_1,74,6,0.2785935642766676,1.0179736808468112
HYP,CS20230722_SUPT_0445,0445 PVHd-SBPV Six3 Prox1 Gaba_4,85,6,0.2686916135794129,1.130770723319645
HYP,CS20230722_SUPT_0452,0452 AHN-SBPV-PVHd Pdrm12 Gaba_7,49,6,0.26721110932951303,1.093626141551869
AMY,CS20230722_SUPT_0001,0001 CLA-EPd-CTX Car3 Glut_1,78,6,0.26515397240988015,0.9210189313484364
AMY,CS20230722_SUPT_0540,0540 MEA-BST Otp Zic2 Glut_2,112,6,0.26499719427429086,0.9832044858672364
AMY,CS20230722_SUPT_0041,0041 L2/3 IT PIR-ENTl Glut_3,27,6,0.26059835953500404,2.0628142705425505
AMY,CS20230722_SUPT_0371,0371 CEA-BST Six3 Cyp26b1 Gaba_5,87,6,0.2592945239369326,0.856503955885392
HYP,CS20230722_SUPT_0493,0493 ARH-PVp Tbx3 Gaba_1,106,6,0.2551565292919975,0.7722708910337203
HYP,CS20230722_SUPT_0423,0423 BST-MPN Six3 Nrgn Gaba_4,61,6,0.25509026071042845,0.8221633386295839
HYP,CS20230722_SUPT_0556,0556 ARH-PVp Tbx3 Glut_3,19,6,0.2540241537081961,0.8876487978434126
HYP,CS20230722_SUPT_0575,0575 LHA-AHN-PVH Otp Trh Glut_2,105,6,0.2522998511101076,0.7978562659905732
AMY,CS20230722_SUPT_0370,0370 CEA-BST Six3 Cyp26b1 Gaba_4,132,6,0.2504982979945404,1.2189458052042288
HYP,CS20230722_SUPT_0570,0570 VMH Nr5a1 Glut_5,95,6,0.24387566501778157,0.8213378098548502
HYP,CS20230722_SUPT_0353,0353 MEA-BST Lhx6 Sp9 Gaba_7,73,6,0.24295527465152922,1.0039571183783145
HYP,CS20230722_SUPT_0546,0546 MPN-MPO-PVpo Hmx2 Glut_1,122,6,0.24266708314850524,1.0333410107466174
HYP,CS20230722_SUPT_1181,1181 COP NN_1,99,6,0.24159278891932828,0.8194328776388101
AMY,CS20230722_SUPT_0340,0340 MEA-BST Sox6 Gaba_4,135,6,0.24052329897105384,0.9014920843574656
AMY,CS20230722_SUPT_0338,0338 MEA-BST Sox6 Gaba_2,69,6,0.23846368754568378,0.9439637317148885
HYP,CS20230722_SUPT_0473,0473 DMH-LHA Gsx1 Gaba_4,104,6,0.23765326896365152,0.7653608407875345
HYP,CS20230722_SUPT_0597,0597 PH-ant-LHA Otp Bsx Glut_7,103,6,0.23650971765943388,1.205448752989969
HYP,CS20230722_SUPT_0474,0474 PVHd-DMH Lhx6 Gaba_1,82,6,0.23512948725212388,0.8780718638647227
HYP,CS20230722_SUPT_0545,0545 DMH Nkx2-4 Glut_2,134,6,0.23452767849182302,0.897412856372659
HYP,CS20230722_SUPT_0581,0581 AHN-RCH-LHA Otp Fezf1 Glut_3,125,6,0.23409200264453606,0.9413618940760128
AMY,CS20230722_SUPT_0194,0194 RHP-COA Ndnf Gaba_2,36,6,0.23365992349691256,1.0493547674310295
HYP,CS20230722_SUPT_0564,0564 VMH Fezf1 Glut_2,66,6,0.23338725453530804,0.9621432690702966
AMY,CS20230722_SUPT_0038,0038 L2/3 IT ENT Glut_6,41,6,0.23324787026617003,1.1555220904166004
HYP,CS20230722_SUPT_0451,0451 AHN-SBPV-PVHd Pdrm12 Gaba_6,124,6,0.23314732714048572,0.7543684819115616
HYP,CS20230722_SUPT_0594,0594 PH-ant-LHA Otp Bsx Glut_4,31,6,0.23067218236435375,0.8244355589427409
AMY,CS20230722_SUPT_0058,0058 COAp Grxcr2 Glut_1,6,6,0.22928752440832428,1.5741387370645723
AMY,CS20230722_SUPT_0285,0285 STR-PAL Chst9 Gaba_1,51,6,0.22917180412292718,0.7783667573404761
AMY,CS20230722_SUPT_0064,0064 LA-BLA-BMA-PA Glut_5,16,6,0.22883619474636888,1.2761040482328778
HYP,CS20230722_SUPT_0409,0409 BST Tac2 Gaba_1,116,6,0.22718975667651548,0.8120904342740312
HYP,CS20230722_SUPT_0495,0495 ARH-PVp Tbx3 Gaba_3,65,6,0.22645932205974614,0.7948722335402398
AMY,CS20230722_SUPT_0287,0287 STR-PAL Chst9 Gaba_3,133,6,0.2264055120001982,0.8396842772373977
HYP,CS20230722_SUPT_0343,0343 MEA-BST Sox6 Gaba_7,20,6,0.22603253527593323,0.7560955600215904
HYP,CS20230722_SUPT_0438,0438 SCH Six6 Cdc14a Gaba_3,23,6,0.22535840529544016,0.8723161108080819
AMY,CS20230722_SUPT_0233,0233 STR Prox1 Lhx6 Gaba_1,138,6,0.22474607243982894,1.375211666293903
HYP,CS20230722_SUPT_0470,0470 DMH-LHA Gsx1 Gaba_1,89,6,0.22205833495872676,0.9534492911344324
HYP,CS20230722_SUPT_0449,0449 AHN-SBPV-PVHd Pdrm12 Gaba_4,84,6,0.22178453159816003,0.7796866283178093
HYP,CS20230722_SUPT_0446,0446 AHN-SBPV-PVHd Pdrm12 Gaba_1,71,6,0.2213291470441876,0.9515495907380986
AMY,CS20230722_SUPT_0359,0359 MEA-BST Lhx6 Nfib Gaba_3,35,6,0.22029016998757442,0.7901810837545836
HYP,CS20230722_SUPT_0457,0457 AHN Onecut3 Gaba_2,102,6,0.21933681576505717,0.8378099502674616
AMY,CS20230722_SUPT_0355,0355 MEA-BST Lhx6 Nr2e1 Gaba_2,80,6,0.21747140925604072,0.8101464816686698
HYP,CS20230722_SUPT_0489,0489 DMH Hmx2 Gaba_3,50,6,0.2152600599331897,0.772873375343919
AMY,CS20230722_SUPT_0136,0136 DG Glut_1,42,6,0.21521018870650988,0.8834814935061579
AMY,CS20230722_SUPT_0003,0003 IT EP-CLA Glut_1,8,6,0.215048210832024,0.7899440942175243
HYP,CS20230722_SUPT_0525,0525 LHA Barhl2 Glut_2,94,6,0.21202366627463234,0.6529620531547915
HYP,CS20230722_SUPT_0591,0591 PH-ant-LHA Otp Bsx Glut_1,76,6,0.2117637169154588,0.8379123934049877
AMY,CS20230722_SUPT_0175,0175 Vip Gaba_3,118,6,0.21139309371864654,0.8520139944451114
AMY,CS20230722_SUPT_1160,1160 Astro-NT NN_2,63,6,0.20742302342154736,1.285237780187859
HYP,CS20230722_SUPT_0491,0491 DMH Hmx2 Gaba_5,93,6,0.20716384665151003,0.7633165089699507
HYP,CS20230722_SUPT_0576,0576 LHA-AHN-PVH Otp Trh Glut_3,139,6,0.2058156211584157,0.6795823866822859
HYP,CS20230722_SUPT_0422,0422 BST-MPN Six3 Nrgn Gaba_3,120,6,0.205115160768868,0.7008370320396612
HYP,CS20230722_SUPT_0455,0455 SBPV-PVa Six6 Satb2 Gaba_3,113,6,0.20463989788190373,0.6549337623924745
HYP,CS20230722_SUPT_0447,0447 AHN-SBPV-PVHd Pdrm12 Gaba_2,119,6,0.203589315037202,0.7534950895026975
HYP,CS20230722_SUPT_0530,0530 SI-MA-LPO-LHA Skor1 Glut_1,55,6,0.20276707080277478,0.6236324632338953
AMY,CS20230722_SUPT_0004,0004 IT EP-CLA Glut_2,101,6,0.20238466464967841,0.6372564361575931
HYP,CS20230722_SUPT_0579,0579 AHN-RCH-LHA Otp Fezf1 Glut_1,90,6,0.20069300929007153,1.0950177324518449
AMY,CS20230722_SUPT_1163,1163 Astro-TE NN_3,13,6,0.20016865000067696,1.0053816855926498
AMY,CS20230722_SUPT_0511,0511 COAa-PAA-MEA Barhl2 Glut_3,57,6,0.19998170695147005,0.6221489137983119
AMY,CS20230722_SUPT_0203,0203 Lamp5 Lhx6 Gaba_1,117,6,0.1990616116677846,0.6766027500759204
AMY,CS20230722_SUPT_0362,0362 MEA-BST Lhx6 Nfib Gaba_6,45,6,0.19905721400646612,0.8348827925402691
AMY,CS20230722_SUPT_1184,1184 MOL NN_4,11,6,0.19823527203998956,0.8804771174499331
HYP,CS20230722_SUPT_0555,0555 ARH-PVp Tbx3 Glut_2,81,6,0.1982109989750131,0.6741207833295453
HYP,CS20230722_SUPT_0437,0437 SCH Six6 Cdc14a Gaba_2,62,6,0.19795273520463488,0.6307776226954459
HYP,CS20230722_SUPT_0587,0587 PVH-SO-PVa Otp Glut_3,25,6,0.1969716905871875,0.7865270250187393
HYP,CS20230722_SUPT_0444,0444 PVHd-SBPV Six3 Prox1 Gaba_3,127,6,0.19627269004894282,0.6106351788577542
HYP,CS20230722_SUPT_0569,0569 VMH Nr5a1 Glut_4,22,6,0.1960774441354306,0.6858637927766453
AMY,CS20230722_SUPT_0368,0368 CEA-BST Six3 Cyp26b1 Gaba_2,2,6,0.19507102216666597,0.8344328266899307
HYP,CS20230722_SUPT_0567,0567 VMH Nr5a1 Glut_2,83,6,0.19502076783905584,0.855773922009591
AMY,CS20230722_SUPT_0512,0512 COAa-PAA-MEA Barhl2 Glut_4,108,6,0.1927159574701135,0.7341271043078861
HYP,CS20230722_SUPT_0552,0552 DMH Hmx2 Glut_1,75,6,0.19249596529454746,0.6638493865247953
HYP,CS20230722_SUPT_0565,0565 VMH Fezf1 Glut_3,38,6,0.1921149722159813,0.5708707357378213
HYP,CS20230722_SUPT_0488,0488 DMH Hmx2 Gaba_2,109,6,0.1917314851388026,0.8836118708857105
HYP,CS20230722_SUPT_1173,1173 Tanycyte NN_2,100,6,0.19131647265995408,0.751113688643438
AMY,CS20230722_SUPT_0373,0373 CEA-AAA-BST Six3 Sp9 Gaba_1,131,6,0.19093342723669054,0.6180979407507067
AMY,CS20230722_SUPT_0061,0061 LA-BLA-BMA-PA Glut_2,10,6,0.1901728807482027,1.5232990108919895
HYP,CS20230722_SUPT_0481,0481 TMd-DMH Foxd2 Gaba_1,60,6,0.18952693440719134,0.7448036549760153
HYP,CS20230722_SUPT_0454,0454 SBPV-PVa Six6 Satb2 Gaba_2,98,6,0.18789740222064275,0.6598729492849957
AMY,CS20230722_SUPT_0286,0286 STR-PAL Chst9 Gaba_2,48,6,0.18657527716135217,0.7297321318675898
HYP,CS20230722_SUPT_0443,0443 PVHd-SBPV Six3 Prox1 Gaba_2,121,6,0.18555241303862502,0.6995461513048391
HYP,CS20230722_SUPT_0524,0524 LHA Barhl2 Glut_1,67,6,0.185080190604767,0.7930935042563967
AMY,CS20230722_SUPT_0204,0204 Pvalb chandelier Gaba_1,137,6,0.18250915940856235,0.5568952752129904
AMY,CS20230722_SUPT_0039,0039 L2/3 IT PIR-ENTl Glut_1,21,6,0.18135635078576082,1.283887271544937
AMY,CS20230722_SUPT_0230,0230 Sst Gaba_17,54,6,0.17918542595589804,0.7876276366033931
HYP,CS20230722_SUPT_0586,0586 PVH-SO-PVa Otp Glut_2,136,6,0.1788166038559251,0.7718229612232399
AMY,CS20230722_SUPT_0105,0105 L6b EPd Glut_3,26,6,0.17875686920289682,0.5349177313428872
AMY,CS20230722_SUPT_0274,0274 STR D2 Gaba_1,58,6,0.17760537435723514,0.5752486167219576
HYP,CS20230722_SUPT_0487,0487 DMH Hmx2 Gaba_1,44,6,0.17707857494938492,0.7035682868953649
AMY,CS20230722_SUPT_0374,0374 CEA-AAA-BST Six3 Sp9 Gaba_2,70,6,0.17681824930524226,0.5670588617840684
HYP,CS20230722_SUPT_0442,0442 PVHd-SBPV Six3 Prox1 Gaba_1,37,6,0.17606350095836096,0.8243588752129869
HYP,CS20230722_SUPT_0566,0566 VMH Nr5a1 Glut_1,123,6,0.1746612488090521,0.6685997836501036
HYP,CS20230722_SUPT_0588,0588 PVH-SO-PVa Otp Glut_4,3,6,0.17401525237193644,0.5968711465245157
HYP,CS20230722_SUPT_0480,0480 TU-ARH Otp Six6 Gaba_3,53,6,0.17378601152175632,0.6952484710692025
AMY,CS20230722_SUPT_0538,0538 MEA Otp Foxp2 Glut_1,115,6,0.1726184288624931,0.5120828754730289
AMY,CS20230722_SUPT_0065,0065 LA-BLA-BMA-PA Glut_6,9,6,0.1709516695030091,0.9297225053410452
AMY,CS20230722_SUPT_0342,0342 MEA-BST Sox6 Gaba_6,107,6,0.1705402033904916,0.7285428451273442
AMY,CS20230722_SUPT_1179,1179 OPC NN_1,40,6,0.16974144412361,1.1442811966547746
HYP,CS20230722_SUPT_1160,1160 Astro-NT NN_2,12,6,0.168490317388249,0.8334783183676364
HYP,CS20230722_SUPT_0466,0466 ZI Pax6 Gaba_8,29,6,0.1684645016101033,0.7420764967685765
AMY,CS20230722_SUPT_0386,0386 CEA-BST Ebf1 Pdyn Gaba_3,92,6,0.1670301664357196,0.623141446165909
AMY,CS20230722_SUPT_0215,0215 Sst Gaba_2,79,6,0.1658529214902118,1.0469424861433196
HYP,CS20230722_SUPT_0611,0611 PH Pitx2 Glut_2,39,6,0.16499491459823545,0.6523272864025738
HYP,CS20230722_SUPT_0568,0568 VMH Nr5a1 Glut_3,1,6,0.16351818413635244,0.5614190549005406
HYP,CS20230722_SUPT_0458,0458 AHN Onecut3 Gaba_3,97,6,0.1633338018570314,0.5560230559366626
HYP,CS20230722_SUPT_0459,0459 ZI Pax6 Gaba_1,91,6,0.16257223427543444,0.850616542504026
AMY,CS20230722_SUPT_0209,0209 Pvalb Gaba_5,68,6,0.1620889009360387,0.49379597478447734
AMY,CS20230722_SUPT_0206,0206 Pvalb Gaba_2,77,6,0.1607817801474246,0.6591417103785454
AMY,CS20230722_SUPT_0347,0347 MEA-BST Lhx6 Sp9 Gaba_1,56,6,0.15931289223785902,0.6644161780890252
HYP,CS20230722_SUPT_0471,0471 DMH-LHA Gsx1 Gaba_2,59,6,0.15803200879656332,0.7458944267225418
HYP,CS20230722_SUPT_0436,0436 SCH Six6 Cdc14a Gaba_1,128,6,0.15673780225660278,0.6329324201598726
HYP,CS20230722_SUPT_0602,0602 STN-PSTN Pitx2 Glut_5,46,6,0.15625775004553158,0.8185874101370915
HYP,CS20230722_SUPT_0448,0448 AHN-SBPV-PVHd Pdrm12 Gaba_3,129,6,0.15608376286806325,0.5798319906818452
AMY,CS20230722_SUPT_0358,0358 MEA-BST Lhx6 Nfib Gaba_2,52,6,0.15496485279553063,0.605955591681471
AMY,CS20230722_SUPT_0514,0514 COAa-PAA-MEA Barhl2 Glut_6,111,6,0.1536597396623157,0.7556006644844577
HYP,CS20230722_SUPT_0479,0479 TU-ARH Otp Six6 Gaba_2,34,6,0.1535929135785184,0.4910355321738374
AMY,CS20230722_SUPT_0040,0040 L2/3 IT PIR-ENTl Glut_2,4,6,0.1507164963211155,0.989923235046657
AMY,CS20230722_SUPT_0289,0289 STR-PAL Chst9 Gaba_5,130,6,0.15070726014908184,0.5639090708815181
HYP,CS20230722_SUPT_0456,0456 AHN Onecut3 Gaba_1,126,6,0.14910704124773216,0.7172166899191125
AMY,CS20230722_SUPT_0288,0288 STR-PAL Chst9 Gaba_4,30,6,0.14612255632535395,0.6188101583173216
AMY,CS20230722_SUPT_0508,0508 MEA-COA-BMA Ccdc42 Glut_4,114,6,0.14454328876027234,0.49261514641844
HYP,CS20230722_SUPT_0478,0478 TU-ARH Otp Six6 Gaba_1,72,6,0.14255766278341211,0.5080234180102101
AMY,CS20230722_SUPT_0057,0057 MEA Slc17a7 Glut_3,28,6,0.14220057174842168,0.8300365838658882
HYP,CS20230722_SUPT_1179,1179 OPC NN_1,88,6,0.14180962702062308,1.041022681054235
AMY,CS20230722_SUPT_0063,0063 LA-BLA-BMA-PA Glut_4,17,6,0.1412861981246428,0.4939076356078642
AMY,CS20230722_SUPT_0384,0384 CEA-BST Ebf1 Pdyn Gaba_1,86,6,0.13947796774991278,0.5333437420187929
AMY,CS20230722_SUPT_0505,0505 MEA-COA-BMA Ccdc42 Glut_1,110,6,0.1375450280017929,0.5826274677654598
AMY,CS20230722_SUPT_0042,0042 L2/3 IT PIR-ENTl Glut_4,5,6,0.13567318596890987,0.555564119630576
HYP,CS20230722_SUPT_1194,1194 Microglia NN_1,96,6,0.13143880219221502,1.0926076506302111
HYP,CS20230722_SUPT_1184,1184 MOL NN_4,15,6,0.13003672023019483,0.5619672328579801
AMY,CS20230722_SUPT_0199,0199 Lamp5 Gaba_1,32,6,0.12808074700365768,0.4258195068492639
HYP,CS20230722_SUPT_0974,0974 PGRN-PARN-MDRN Hoxb5 Glut_2,14,6,0.12029984437837289,0.6865065299845259
HYP,CS20230722_SUPT_0580,0580 AHN-RCH-LHA Otp Fezf1 Glut_2,47,6,0.1167899965678144,0.5737982726185895
AMY,CS20230722_SUPT_0055,0055 MEA Slc17a7 Glut_1,18,6,0.11559905950932786,0.47871530218137864
AMY,CS20230722_SUPT_0509,0509 COAa-PAA-MEA Barhl2 Glut_1,33,6,0.11164074291758766,0.30927420519660487
AMY,CS20230722_SUPT_0056,0056 MEA Slc17a7 Glut_2,24,6,0.11144320972908743,0.3548609052535492
AMY,CS20230722_SUPT_0062,0062 LA-BLA-BMA-PA Glut_3,7,6,0.10882925217897815,0.35552327760901714
AMY,CS20230722_SUPT_0507,0507 MEA-COA-BMA Ccdc42 Glut_3,43,6,0.10365465450040838,0.4907028746753123
